Номер ВОС;Найменування ВОС;Розділ;Підрозділ
003;Оперативно-тактичних ракет;1. Ракетні спеціальності;1.1. Спеціальності двигунових установок ракет на рідкому паливі
004;Зенітних ракет;1. Ракетні спеціальності;1.1. Спеціальності двигунових установок ракет на рідкому паливі
007;Крилатих ракет;1. Ракетні спеціальності;1.1. Спеціальності двигунових установок ракет на рідкому паливі
008;Протичовнових ракет;1. Ракетні спеціальності;1.1. Спеціальності двигунових установок ракет на рідкому паливі
015;Оперативно-тактичних ракет;1. Ракетні спеціальності;1.2. Спеціальності двигунових установок ракет на твердому паливі
016;Тактичних ракет;1. Ракетні спеціальності;1.2. Спеціальності двигунових установок ракет на твердому паливі
019;Зенітних ракет;1. Ракетні спеціальності;1.2. Спеціальності двигунових установок ракет на твердому паливі
020;Крилатих ракет;1. Ракетні спеціальності;1.2. Спеціальності двигунових установок ракет на твердому паливі
021;Протичовнових ракет;1. Ракетні спеціальності;1.2. Спеціальності двигунових установок ракет на твердому паливі
028;Оперативно-тактичних ракет;1. Ракетні спеціальності;1.3. Спеціальності стартового і підйомно-транспортного устаткування
029;Тактичних ракет;1. Ракетні спеціальності;1.3. Спеціальності стартового і підйомно-транспортного устаткування
033;Зенітних ракет дальньої дії;1. Ракетні спеціальності;1.3. Спеціальності стартового і підйомно-транспортного устаткування
034;Зенітних ракет середньої дії;1. Ракетні спеціальності;1.3. Спеціальності стартового і підйомно-транспортного устаткування
035;Зенітних ракет малої дії;1. Ракетні спеціальності;1.3. Спеціальності стартового і підйомно-транспортного устаткування
036;Зенітних ракет малої дії (автономних комплексів);1. Ракетні спеціальності;1.3. Спеціальності стартового і підйомно-транспортного устаткування
037;Зенітних ракет ближньої дії;1. Ракетні спеціальності;1.3. Спеціальності стартового і підйомно-транспортного устаткування
038;Крилатих ракет;1. Ракетні спеціальності;1.3. Спеціальності стартового і підйомно-транспортного устаткування
039;Протичовнових ракет;1. Ракетні спеціальності;1.3. Спеціальності стартового і підйомно-транспортного устаткування
040;Монтажного і такелажного устаткування;1. Ракетні спеціальності;1.3. Спеціальності стартового і підйомно-транспортного устаткування
047;Оперативно-тактичних ракет;1. Ракетні спеціальності;1.4. Спеціальності приладів систем управління ракет, перевіряльно-пускового електрообладнання та силових агрегатів ракетних комплексів
048;Тактичних ракет;1. Ракетні спеціальності;1.4. Спеціальності приладів систем управління ракет, перевіряльно-пускового електрообладнання та силових агрегатів ракетних комплексів
052;Зенітних ракет дальньої дії;1. Ракетні спеціальності;1.4. Спеціальності приладів систем управління ракет, перевіряльно-пускового електрообладнання та силових агрегатів ракетних комплексів
053;Зенітних ракет середньої дії;1. Ракетні спеціальності;1.4. Спеціальності приладів систем управління ракет, перевіряльно-пускового електрообладнання та силових агрегатів ракетних комплексів
054;Зенітних ракет малої дії;1. Ракетні спеціальності;1.4. Спеціальності приладів систем управління ракет, перевіряльно-пускового електрообладнання та силових агрегатів ракетних комплексів
055;Зенітних ракет малої дії (автономних комплексів);1. Ракетні спеціальності;1.4. Спеціальності приладів систем управління ракет, перевіряльно-пускового електрообладнання та силових агрегатів ракетних комплексів
056;Зенітних ракет ближньої дії;1. Ракетні спеціальності;1.4. Спеціальності приладів систем управління ракет, перевіряльно-пускового електрообладнання та силових агрегатів ракетних комплексів
057;Крилатих ракет;1. Ракетні спеціальності;1.4. Спеціальності приладів систем управління ракет, перевіряльно-пускового електрообладнання та силових агрегатів ракетних комплексів
058;Протичовнових ракет;1. Ракетні спеціальності;1.4. Спеціальності приладів систем управління ракет, перевіряльно-пускового електрообладнання та силових агрегатів ракетних комплексів
059;Силових електричних агрегатів;1. Ракетні спеціальності;1.4. Спеціальності приладів систем управління ракет, перевіряльно-пускового електрообладнання та силових агрегатів ракетних комплексів
065;Оперативно-тактичних ракет;1. Ракетні спеціальності;1.5. Спеціальності радіотехнічних засобів управління ракетами
069;Зенітних ракет дальньої дії;1. Ракетні спеціальності;1.5. Спеціальності радіотехнічних засобів управління ракетами
070;Зенітних ракет середньої дії;1. Ракетні спеціальності;1.5. Спеціальності радіотехнічних засобів управління ракетами
071;Зенітних ракет малої дії;1. Ракетні спеціальності;1.5. Спеціальності радіотехнічних засобів управління ракетами
072;Зенітних ракет малої дії (автономних комплексів);1. Ракетні спеціальності;1.5. Спеціальності радіотехнічних засобів управління ракетами
073;Зенітних ракет ближньої дії;1. Ракетні спеціальності;1.5. Спеціальності радіотехнічних засобів управління ракетами
074;Крилатих ракет;1. Ракетні спеціальності;1.5. Спеціальності радіотехнічних засобів управління ракетами
075;Протичовнових ракет;1. Ракетні спеціальності;1.5. Спеціальності радіотехнічних засобів управління ракетами
081;Оперативно-тактичних ракет;1. Ракетні спеціальності;1.6. Спеціальності заправного устаткування ракет
084;Зенітних ракет;1. Ракетні спеціальності;1.6. Спеціальності заправного устаткування ракет
085;Крилатих ракет;1. Ракетні спеціальності;1.6. Спеціальності заправного устаткування ракет
086;Протичовнових ракет;1. Ракетні спеціальності;1.6. Спеціальності заправного устаткування ракет
100;Стрілецькі;2. Загальновійськові спеціальності;2.1. Стрілецькі та розвідувальні спеціальності
101;Кулеметні;2. Загальновійськові спеціальності;2.1. Стрілецькі та розвідувальні спеціальності
102;Гранатометні (автоматичних протипіхотних гранатометів);2. Загальновійськові спеціальності;2.1. Стрілецькі та розвідувальні спеціальності
103;Гранатометні (ручних і станкових протитанкових гранатометів);2. Загальновійськові спеціальності;2.1. Стрілецькі та розвідувальні спеціальності
104;Переносних зенітних ракетних комплексів;2. Загальновійськові спеціальності;2.1. Стрілецькі та розвідувальні спеціальності
105;Оперативної розвідки;2. Загальновійськові спеціальності;2.1. Стрілецькі та розвідувальні спеціальності
106;Військової розвідки;2. Загальновійськові спеціальності;2.1. Стрілецькі та розвідувальні спеціальності
107;Розвідки (частин спеціального призначення та спеціальних операцій);2. Загальновійськові спеціальності;2.1. Стрілецькі та розвідувальні спеціальності
108;Спеціальної розвідки;2. Загальновійськові спеціальності;2.1. Стрілецькі та розвідувальні спеціальності
109;Розвідувально-сигнальних комплексів;2. Загальновійськові спеціальності;2.1. Стрілецькі та розвідувальні спеціальності
110;Снайперські;2. Загальновійськові спеціальності;2.1. Стрілецькі та розвідувальні спеціальності
111;Протитанкових ракетних комплексів;2. Загальновійськові спеціальності;2.1. Стрілецькі та розвідувальні спеціальності
112;Бойових роботизованих модулів;2. Загальновійськові спеціальності;2.1. Стрілецькі та розвідувальні спеціальності
113;Середніх танків;2. Загальновійськові спеціальності;2.2. Танкові спеціальності
116;Танків з плавзасобами;2. Загальновійськові спеціальності;2.2. Танкові спеціальності
117;Танків з ракетно-гарматним озброєнням;2. Загальновійськові спеціальності;2.2. Танкові спеціальності
118;Важких та середніх самохідних артилерійських установок;2. Загальновійськові спеціальності;2.2. Танкові спеціальності
121;Бойових машин піхоти;2. Загальновійськові спеціальності;2.3. Спеціальності бойових машин і бронетранспортерів
122;Бойових машин десанту;2. Загальновійськові спеціальності;2.3. Спеціальності бойових машин і бронетранспортерів
123;Гусеничних бронетранспортерів;2. Загальновійськові спеціальності;2.3. Спеціальності бойових машин і бронетранспортерів
124;Колісних бронетранспортерів;2. Загальновійськові спеціальності;2.3. Спеціальності бойових машин і бронетранспортерів
125;Бронетранспортерів десантних;2. Загальновійськові спеціальності;2.3. Спеціальності бойових машин і бронетранспортерів
126;Гусеничних розвідувальних машин;2. Загальновійськові спеціальності;2.3. Спеціальності бойових машин і бронетранспортерів
127;Мотоциклів;2. Загальновійськові спеціальності;2.3. Спеціальності бойових машин і бронетранспортерів
128;Гусеничних (колісних) протитанкових ракетних комплексів;2. Загальновійськові спеціальності;2.3. Спеціальності бойових машин і бронетранспортерів
129;Безекіпажних наземних комплексів (апаратів, систем);2. Загальновійськові спеціальності;2.3. Спеціальності бойових машин і бронетранспортерів
130;Бойових машин на бронетанковій базі зенітно-ракетних комплексів;2. Загальновійськові спеціальності;2.3. Спеціальності бойових машин і бронетранспортерів
132;Самохідних гармат 203-мм;2. Загальновійськові спеціальності;2.4. Спеціальності артилерії
133;Гармат 152-мм та 155-м;2. Загальновійськові спеціальності;2.4. Спеціальності артилерії
134;Самохідних гармат 152-мм та 155-мм;2. Загальновійськові спеціальності;2.4. Спеціальності артилерії
135;Гармат від 76-мм до 130-мм;2. Загальновійськові спеціальності;2.4. Спеціальності артилерії
136;Самохідних гармат від 76-мм до 130-мм;2. Загальновійськові спеціальності;2.4. Спеціальності артилерії
140;Реактивної артилерії;2. Загальновійськові спеціальності;2.4. Спеціальності артилерії
143;Мінометів від 60-мм до 120-мм;2. Загальновійськові спеціальності;2.4. Спеціальності артилерії
144;Самохідних мінометів від 82-мм до 120-мм;2. Загальновійськові спеціальності;2.4. Спеціальності артилерії
146;Артилерійської розвідки;2. Загальновійськові спеціальності;2.4. Спеціальності артилерії
147;Засобів управління артилерійською стрільбою;2. Загальновійськові спеціальності;2.4. Спеціальності артилерії
148;Баштових артилерійських установок;2. Загальновійськові спеціальності;2.4. Спеціальності артилерії
149;Електрообладнання артилерійських систем;2. Загальновійськові спеціальності;2.4. Спеціальності артилерії
153;Зенітних гармат 100-мм і більше;2. Загальновійськові спеціальності;2.4. Спеціальності артилерії
155;Зенітних гармат 57-мм;2. Загальновійськові спеціальності;2.4. Спеціальності артилерії
156;Зенітних гармат до 57-мм;2. Загальновійськові спеціальності;2.4. Спеціальності артилерії
157;Зенітних самохідних установок з радіоприладним комплексом;2. Загальновійськові спеціальності;2.4. Спеціальності артилерії
160;Зенітних кулеметів;2. Загальновійськові спеціальності;2.4. Спеціальності артилерії
161;Розвідки;2. Загальновійськові спеціальності;2.4. Спеціальності артилерії
162;Засобів управління стрільбою;2. Загальновійськові спеціальності;2.4. Спеціальності артилерії
163;Зенітних гарматно-ракетних комплексів;2. Загальновійськові спеціальності;2.4. Спеціальності артилерії
166;Інженерно-саперні;2. Загальновійськові спеціальності;2.5. Інженерні спеціальності
167;Переправних засобів;2. Загальновійськові спеціальності;2.5. Інженерні спеціальності
168;Інженерної розвідки;2. Загальновійськові спеціальності;2.5. Інженерні спеціальності
169;Маскування;2. Загальновійськові спеціальності;2.5. Інженерні спеціальності
170;Мостобудівних засобів;2. Загальновійськові спеціальності;2.5. Інженерні спеціальності
171;Лісозаготівельних і лісопильних засобів;2. Загальновійськові спеціальності;2.5. Інженерні спеціальності
172;Водолазних робіт (крім Військово-Морських Сил Збройних Сил України);2. Загальновійськові спеціальності;2.5. Інженерні спеціальності
173;Гідротехнічних споруд;2. Загальновійськові спеціальності;2.5. Інженерні спеціальності
174;Польового водопостачання;2. Загальновійськові спеціальності;2.5. Інженерні спеціальності
175;Плаваючих інженерних машин;2. Загальновійськові спеціальності;2.5. Інженерні спеціальності
176;Механізованих мостів;2. Загальновійськові спеціальності;2.5. Інженерні спеціальності
177;Мостоукладачів;2. Загальновійськові спеціальності;2.5. Інженерні спеціальності
178;Машин для загородження;2. Загальновійськові спеціальності;2.5. Інженерні спеціальності
179;Машин для розгородження та розмінування;2. Загальновійськові спеціальності;2.5. Інженерні спеціальності
180;Дорожніх машин;2. Загальновійськові спеціальності;2.5. Інженерні спеціальності
181;Рятувальних та аварійно-відновлювальних робіт;2. Загальновійськові спеціальності;2.5. Інженерні спеціальності
182;Піротехнічних робіт;2. Загальновійськові спеціальності;2.5. Інженерні спеціальності
183;Керованого (дистанційного) мінування (розмінування);2. Загальновійськові спеціальності;2.5. Інженерні спеціальності
184;Землерийних машин;2. Загальновійськові спеціальності;2.5. Інженерні спеціальності
185;Розмінування;2. Загальновійськові спеціальності;2.5. Інженерні спеціальності
186;Інженерних безекіпажних наземних комплексів (апаратів, систем);2. Загальновійськові спеціальності;2.5. Інженерні спеціальності
187;Радіаційної, хімічної, біологічної розвідки та дозиметричного контролю;2. Загальновійськові спеціальності;2.6. Спеціальності військ радіаційного, хімічного, біологічного (РХБ) захисту
188;Розрахунково-аналітичних станцій;2. Загальновійськові спеціальності;2.6. Спеціальності військ радіаційного, хімічного, біологічного (РХБ) захисту
189;Засобів дегазації обмундирування та спорядження;2. Загальновійськові спеціальності;2.6. Спеціальності військ радіаційного, хімічного, біологічного (РХБ) захисту
190;Теплових засобів спеціальної обробки;2. Загальновійськові спеціальності;2.6. Спеціальності військ радіаційного, хімічного, біологічного (РХБ) захисту
191;Рідинних засобів спеціальної обробки;2. Загальновійськові спеціальності;2.6. Спеціальності військ радіаційного, хімічного, біологічного (РХБ) захисту
192;Термічних димових засобів;2. Загальновійськові спеціальності;2.6. Спеціальності військ радіаційного, хімічного, біологічного (РХБ) захисту
193;Вогнеметно-запалювальних засобів;2. Загальновійськові спеціальності;2.6. Спеціальності військ радіаційного, хімічного, біологічного (РХБ) захисту
194;Вогнеметних систем;2. Загальновійськові спеціальності;2.6. Спеціальності військ радіаційного, хімічного, біологічного (РХБ) захисту
195;Військ радіаційного, хімічного, біологічного (РХБ) захисту;2. Загальновійськові спеціальності;2.6. Спеціальності військ радіаційного, хімічного, біологічного (РХБ) захисту
196;Систем регенерації повітря та апаратури газового контролю;2. Загальновійськові спеціальності;2.6. Спеціальності військ радіаційного, хімічного, біологічного (РХБ) захисту
197;Радіометричного та хімічного аналізу;2. Загальновійськові спеціальності;2.6. Спеціальності військ радіаційного, хімічного, біологічного (РХБ) захисту
198;Безекіпажних наземних комплексів (апаратів, систем) РХБ захисту;2. Загальновійськові спеціальності;2.6. Спеціальності військ радіаційного, хімічного, біологічного (РХБ) захисту
200;Пошуку потерпілих;2. Загальновійськові спеціальності;2.7. Пошуково-рятувальні спеціальності
201;Розвідки об’єктів у місцях ураження (руїни);2. Загальновійськові спеціальності;2.7. Пошуково-рятувальні спеціальності
202;Робототехнічних засобів;2. Загальновійськові спеціальності;2.7. Пошуково-рятувальні спеціальності
203;Рятувальних робіт;2. Загальновійськові спеціальності;2.7. Пошуково-рятувальні спеціальності
205;Пошукової роботи та репатріаційних заходів;2. Загальновійськові спеціальності;2.7. Пошуково-рятувальні спеціальності
206;Перевезення тіл (останків) загиблих;2. Загальновійськові спеціальності;2.7. Пошуково-рятувальні спеціальності
210;Льотних екіпажів;3. Авіаційні спеціальності;3.1. Спеціальності льотних екіпажів, зовнішніх пілотів (операторів) безпілотних авіаційних комплексів, аеромобільної техніки, аеромобільної та диспетчерських служб
211;Диспетчерської служби;3. Авіаційні спеціальності;3.1. Спеціальності льотних екіпажів, зовнішніх пілотів (операторів) безпілотних авіаційних комплексів, аеромобільної техніки, аеромобільної та диспетчерських служб
212;Аеромобільної техніки;3. Авіаційні спеціальності;3.1. Спеціальності льотних екіпажів, зовнішніх пілотів (операторів) безпілотних авіаційних комплексів, аеромобільної техніки, аеромобільної та диспетчерських служб
213;Систем десантування;3. Авіаційні спеціальності;3.1. Спеціальності льотних екіпажів, зовнішніх пілотів (операторів) безпілотних авіаційних комплексів, аеромобільної техніки, аеромобільної та диспетчерських служб
214;Автоматичного обладнання та піротехнічних засобів десантування;3. Авіаційні спеціальності;3.1. Спеціальності льотних екіпажів, зовнішніх пілотів (операторів) безпілотних авіаційних комплексів, аеромобільної техніки, аеромобільної та диспетчерських служб
215;Аеростатів;3. Авіаційні спеціальності;3.1. Спеціальності льотних екіпажів, зовнішніх пілотів (операторів) безпілотних авіаційних комплексів, аеромобільної техніки, аеромобільної та диспетчерських служб
216;Безпілотних авіаційних комплексів (безпілотних літальних апаратів) літакового типу бойового та спеціального призначення;3. Авіаційні спеціальності;3.1. Спеціальності льотних екіпажів, зовнішніх пілотів (операторів) безпілотних авіаційних комплексів, аеромобільної техніки, аеромобільної та диспетчерських служб
217;Безпілотних авіаційних комплексів (безпілотних літальних апаратів) мультироторного типу бойового (розвідувальні, розвідки та цілевказання, радіоелектронної боротьби) та спеціального призначення;3. Авіаційні спеціальності;3.1. Спеціальності льотних екіпажів, зовнішніх пілотів (операторів) безпілотних авіаційних комплексів, аеромобільної техніки, аеромобільної та диспетчерських служб
218;Безпілотних авіаційних комплексів (безпілотних літальних апаратів) мультироторного типу ударного бойового призначення;3. Авіаційні спеціальності;3.1. Спеціальності льотних екіпажів, зовнішніх пілотів (операторів) безпілотних авіаційних комплексів, аеромобільної техніки, аеромобільної та диспетчерських служб
219;Безпілотних авіаційних комплексів (безпілотних літальних апаратів) з керуванням від першої особи бойового та спеціального призначення;3. Авіаційні спеціальності;3.1. Спеціальності льотних екіпажів, зовнішніх пілотів (операторів) безпілотних авіаційних комплексів, аеромобільної техніки, аеромобільної та диспетчерських служб
220;Літаків з реактивними (турбовентиляторними) двигунами;3. Авіаційні спеціальності;3.2. Спеціальності з експлуатації та ремонту планера та двигунових установок літальних апаратів
221;Літаків з турбогвинтовими та поршневими двигунами;3. Авіаційні спеціальності;3.2. Спеціальності з експлуатації та ремонту планера та двигунових установок літальних апаратів
223;Вертольотів з реактивними, турбогвинтовими та поршневими двигунами;3. Авіаційні спеціальності;3.2. Спеціальності з експлуатації та ремонту планера та двигунових установок літальних апаратів
225;Безпілотних авіаційних комплексів та безпілотних літальних апаратів;3. Авіаційні спеціальності;3.2. Спеціальності з експлуатації та ремонту планера та двигунових установок літальних апаратів
226;Авіаційних крилатих ракет;3. Авіаційні спеціальності;3.2. Спеціальності з експлуатації та ремонту планера та двигунових установок літальних апаратів
227;Авіаційних протичовнових ракет;3. Авіаційні спеціальності;3.2. Спеціальності з експлуатації та ремонту планера та двигунових установок літальних апаратів
228;Порохових і рідинних реактивних двигунів;3. Авіаційні спеціальності;3.2. Спеціальності з експлуатації та ремонту планера та двигунових установок літальних апаратів
233;Бомбардувального й артилерійського озброєння, автоматів пасивних перешкод та піротехнічних засобів;3. Авіаційні спеціальності;3.3. Спеціальності з експлуатації та ремонту авіаційного озброєння
234;Ракетного озброєння, систем наведення та управління ракетами;3. Авіаційні спеціальності;3.3. Спеціальності з експлуатації та ремонту авіаційного озброєння
235;Прицільно-навігаційних комплексів і обчислювальної техніки;3. Авіаційні спеціальності;3.3. Спеціальності з експлуатації та ремонту авіаційного озброєння
236;Засобів підготовки та контролю керованих ракет;3. Авіаційні спеціальності;3.3. Спеціальності з експлуатації та ремонту авіаційного озброєння
237;Авіаційного протичовнового та мінно-торпедного озброєння;3. Авіаційні спеціальності;3.3. Спеціальності з експлуатації та ремонту авіаційного озброєння
238;Десантно-транспортного та санітарного обладнання;3. Авіаційні спеціальності;3.3. Спеціальності з експлуатації та ремонту авіаційного озброєння
240;Безпілотних авіаційних комплексів (безпілотних літальних апаратів);3. Авіаційні спеціальності;3.3. Спеціальності з експлуатації та ремонту авіаційного озброєння
244;Бортової апаратури для засекречування, надшвидкодіючого зв’язку та електронних обчислювальних машин;3. Авіаційні спеціальності;3.4. Спеціальності з експлуатації та ремонту радіотехнічного, радіоелектронного, радіозв’язкового і протичовнового пошуково-прицільного обладнання літальних апаратів
245;Бортових радіолокаційних комплексів виявлення, цілевказання та наведення ракет;3. Авіаційні спеціальності;3.4. Спеціальності з експлуатації та ремонту радіотехнічного, радіоелектронного, радіозв’язкового і протичовнового пошуково-прицільного обладнання літальних апаратів
247;Бортових засобів pадіоелектpонної (електромагнітної) боротьби;3. Авіаційні спеціальності;3.4. Спеціальності з експлуатації та ремонту радіотехнічного, радіоелектронного, радіозв’язкового і протичовнового пошуково-прицільного обладнання літальних апаратів
248;Бортових радіоелектронних засобів розвідки;3. Авіаційні спеціальності;3.4. Спеціальності з експлуатації та ремонту радіотехнічного, радіоелектронного, радіозв’язкового і протичовнового пошуково-прицільного обладнання літальних апаратів
250;Радіозв’язкового обладнання літаків і вертольотів;3. Авіаційні спеціальності;3.4. Спеціальності з експлуатації та ремонту радіотехнічного, радіоелектронного, радіозв’язкового і протичовнового пошуково-прицільного обладнання літальних апаратів
251;Радіонавігаційного обладнання літаків і вертольотів;3. Авіаційні спеціальності;3.4. Спеціальності з експлуатації та ремонту радіотехнічного, радіоелектронного, радіозв’язкового і протичовнового пошуково-прицільного обладнання літальних апаратів
252;Радіоелектронної пошуково-пpицільної протичовнової апаратури та радіогідроакустичних скидних буїв;3. Авіаційні спеціальності;3.4. Спеціальності з експлуатації та ремонту радіотехнічного, радіоелектронного, радіозв’язкового і протичовнового пошуково-прицільного обладнання літальних апаратів
254;Радіоапаратури бомбометання та десантування;3. Авіаційні спеціальності;3.4. Спеціальності з експлуатації та ремонту радіотехнічного, радіоелектронного, радіозв’язкового і протичовнового пошуково-прицільного обладнання літальних апаратів
255;Радіоапаратури розпізнавання, оповіщення та активної відповіді;3. Авіаційні спеціальності;3.4. Спеціальності з експлуатації та ремонту радіотехнічного, радіоелектронного, радіозв’язкового і протичовнового пошуково-прицільного обладнання літальних апаратів
256;Радіотехнічного обладнання крилатих ракет і безпілотних літальних апаратів;3. Авіаційні спеціальності;3.4. Спеціальності з експлуатації та ремонту радіотехнічного, радіоелектронного, радіозв’язкового і протичовнового пошуково-прицільного обладнання літальних апаратів
260;Приладного обладнання літаків і вертольотів;3. Авіаційні спеціальності;3.5. Спеціальності з експлуатації та ремонту авіаційного обладнання
261;Кисневого обладнання та засобів життєзабезпечення екіпажу;3. Авіаційні спеціальності;3.5. Спеціальності з експлуатації та ремонту авіаційного обладнання
262;Електрообладнання літаків і вертольотів та авіаційних акумуляторних батарей;3. Авіаційні спеціальності;3.5. Спеціальності з експлуатації та ремонту авіаційного обладнання
263;Електронної автоматики, систем автоматизованого контролю та управління;3. Авіаційні спеціальності;3.5. Спеціальності з експлуатації та ремонту авіаційного обладнання
265;Бортових засобів реєстрації даних польоту;3. Авіаційні спеціальності;3.5. Спеціальності з експлуатації та ремонту авіаційного обладнання
266;Комплексних тренажерів;3. Авіаційні спеціальності;3.5. Спеціальності з експлуатації та ремонту авіаційного обладнання
268;Пілотажно-навігаційних комплексів;3. Авіаційні спеціальності;3.5. Спеціальності з експлуатації та ремонту авіаційного обладнання
269;Фотообладнання, оптико-електронної та квантово-електронної техніки;3. Авіаційні спеціальності;3.5. Спеціальності з експлуатації та ремонту авіаційного обладнання
270;Цільове навантаження безпілотних авіаційних комплексів (безпілотних літальних апаратів);3. Авіаційні спеціальності;3.5. Спеціальності з експлуатації та ремонту авіаційного обладнання
273;Приймання, оброблення та документування інформації радіотехнічної розвідки;3. Авіаційні спеціальності;3.6. Спеціальності наземних засобів авіаційних комплексів радіоелектронної розвідки
274;Приймання, оброблення та документування інформації радіолокаційної розвідки;3. Авіаційні спеціальності;3.6. Спеціальності наземних засобів авіаційних комплексів радіоелектронної розвідки
275;Приймання, оброблення та документування інформації телевізійної, оптико-електронної та квантово-електронної розвідки;3. Авіаційні спеціальності;3.6. Спеціальності наземних засобів авіаційних комплексів радіоелектронної розвідки
276;Приймання, оброблення та документування інформації, отриманої від безпілотного літального апарата;3. Авіаційні спеціальності;3.6. Спеціальності наземних засобів авіаційних комплексів радіоелектронної розвідки
279;Стартового та підйомно-транспортного обладнання безпілотних літальних апаратів;3. Авіаційні спеціальності;3.7. Спеціальності з експлуатації, ремонту і зберігання засобів наземного забезпечення польотів літальних апаратів
280;Аеродромно-експлуатаційних машин (установок);3. Авіаційні спеціальності;3.7. Спеціальності з експлуатації, ремонту і зберігання засобів наземного забезпечення польотів літальних апаратів
282;Теплотехнічних засобів (станцій, установок);3. Авіаційні спеціальності;3.7. Спеціальності з експлуатації, ремонту і зберігання засобів наземного забезпечення польотів літальних апаратів
283;Гідравлічних установок, електропневмогідроустановок та аеродромних пересувних електроагрегатів (систем);3. Авіаційні спеціальності;3.7. Спеціальності з експлуатації, ремонту і зберігання засобів наземного забезпечення польотів літальних апаратів
284;Установок (станцій) для заправлення (зарядження) вогнегасною сумішшю;3. Авіаційні спеціальності;3.7. Спеціальності з експлуатації, ремонту і зберігання засобів наземного забезпечення польотів літальних апаратів
285;Світлотехнічного обладнання аеродромів;3. Авіаційні спеціальності;3.7. Спеціальності з експлуатації, ремонту і зберігання засобів наземного забезпечення польотів літальних апаратів
286;Авіаційних і аеродромних кондиціонерів;3. Авіаційні спеціальності;3.7. Спеціальності з експлуатації, ремонту і зберігання засобів наземного забезпечення польотів літальних апаратів
300;Кораблеводіння;4. Військово-морські спеціальності;4.1. Загальнокорабельні й штурманські спеціальності та спеціальності морської піхоти
301;Зорового зв’язку;4. Військово-морські спеціальності;4.1. Загальнокорабельні й штурманські спеціальності та спеціальності морської піхоти
302;Кораблеводіння та зорового зв’язку;4. Військово-морські спеціальності;4.1. Загальнокорабельні й штурманські спеціальності та спеціальності морської піхоти
303;Корабельного палубного обладнання, плавзасобів, рангоуту та його оснащення;4. Військово-морські спеціальності;4.1. Загальнокорабельні й штурманські спеціальності та спеціальності морської піхоти
304;Навігаційних комплексів з інерційними системами;4. Військово-морські спеціальності;4.1. Загальнокорабельні й штурманські спеціальності та спеціальності морської піхоти
305;Навігаційних комплексів безінерційних систем;4. Військово-морські спеціальності;4.1. Загальнокорабельні й штурманські спеціальності та спеціальності морської піхоти
306;Радіонавігаційних систем;4. Військово-морські спеціальності;4.1. Загальнокорабельні й штурманські спеціальності та спеціальності морської піхоти
307;Електронавігаційних приладів;4. Військово-морські спеціальності;4.1. Загальнокорабельні й штурманські спеціальності та спеціальності морської піхоти
308;Радіоастрономічних і астронавігаційних засобів;4. Військово-морські спеціальності;4.1. Загальнокорабельні й штурманські спеціальності та спеціальності морської піхоти
309;Електронавігаційних приладів катерів;4. Військово-морські спеціальності;4.1. Загальнокорабельні й штурманські спеціальності та спеціальності морської піхоти
310;Морської десантної підготовки;4. Військово-морські спеціальності;4.1. Загальнокорабельні й штурманські спеціальності та спеціальності морської піхоти
311;Морських безекіпажних систем (комплексів);4. Військово-морські спеціальності;4.1. Загальнокорабельні й штурманські спеціальності та спеціальності морської піхоти
312;Приймання, обробка та документування інформації, отриманої від морського безекіпажного комплексу;4. Військово-морські спеціальності;4.1. Загальнокорабельні й штурманські спеціальності та спеціальності морської піхоти
320;Мінного озброєння;4. Військово-морські спеціальності;4.2. Спеціальності мінного, протичовнового та протимінного озброєння
321;Трального озброєння;4. Військово-морські спеціальності;4.2. Спеціальності мінного, протичовнового та протимінного озброєння
322;Мінного електрообладнання;4. Військово-морські спеціальності;4.2. Спеціальності мінного, протичовнового та протимінного озброєння
323;Трального електрообладнання;4. Військово-морські спеціальності;4.2. Спеціальності мінного, протичовнового та протимінного озброєння
324;Реактивних протичовнових бомбових установок;4. Військово-морські спеціальності;4.2. Спеціальності мінного, протичовнового та протимінного озброєння
325;Приладів управління бомбометанням;4. Військово-морські спеціальності;4.2. Спеціальності мінного, протичовнового та протимінного озброєння
326;Корабельних засобів розмінування;4. Військово-морські спеціальності;4.2. Спеціальності мінного, протичовнового та протимінного озброєння
330;Торпед парогазових;4. Військово-морські спеціальності;4.3. Спеціальності торпедного озброєння
331;Торпед на сильних окислювачах;4. Військово-морські спеціальності;4.3. Спеціальності торпедного озброєння
332;Електроторпед;4. Військово-морські спеціальності;4.3. Спеціальності торпедного озброєння
333;Надводних кораблів;4. Військово-морські спеціальності;4.3. Спеціальності торпедного озброєння
334;Контрольно-регулювальних засобів (станцій);4. Військово-морські спеціальності;4.3. Спеціальності торпедного озброєння
335;Торпедного електрообладнання;4. Військово-морські спеціальності;4.3. Спеціальності торпедного озброєння
336;Приладів управління торпедною стрільбою;4. Військово-морські спеціальності;4.3. Спеціальності торпедного озброєння
337;Підводних човнів;4. Військово-морські спеціальності;4.3. Спеціальності торпедного озброєння
340;Гідроакустичних комплексів;4. Військово-морські спеціальності;4.4. Спеціальності гідроакустичної техніки
341;Гідроакустичних станцій;4. Військово-морські спеціальності;4.4. Спеціальності гідроакустичної техніки
342;Гідроакустичних засобів авіації;4. Військово-морські спеціальності;4.4. Спеціальності гідроакустичної техніки
343;Гідроакустичних берегових засобів спостереження;4. Військово-морські спеціальності;4.4. Спеціальності гідроакустичної техніки
344;Навігаційних гідроакустичних систем;4. Військово-морські спеціальності;4.4. Спеціальності гідроакустичної техніки
345;Гідроакустичних станцій мінного пошуку;4. Військово-морські спеціальності;4.4. Спеціальності гідроакустичної техніки
346;Гідроакустичної контрольно-вимірювальної апаратури;4. Військово-морські спеціальності;4.4. Спеціальності гідроакустичної техніки
350;Комплексів підводного спостереження;4. Військово-морські спеціальності;4.5. Спеціальності неакустичних засобів підводного спостереження
351;Станцій підводного спостереження;4. Військово-морські спеціальності;4.5. Спеціальності неакустичних засобів підводного спостереження
352;Берегових засобів підводного спостереження;4. Військово-морські спеціальності;4.5. Спеціальності неакустичних засобів підводного спостереження
353;Авіаційних засобів підводного спостереження;4. Військово-морські спеціальності;4.5. Спеціальності неакустичних засобів підводного спостереження
354;Контрольно-вимірювальної апаратури засобів підводного спостереження;4. Військово-морські спеціальності;4.5. Спеціальності неакустичних засобів підводного спостереження
360;Парових турбін;4. Військово-морські спеціальності;4.6. Спеціальності корабельних енергетичних установок і систем
361;Газових турбін;4. Військово-морські спеціальності;4.6. Спеціальності корабельних енергетичних установок і систем
362;Котельних установок;4. Військово-морські спеціальності;4.6. Спеціальності корабельних енергетичних установок і систем
363;Водопідготовки;4. Військово-морські спеціальності;4.6. Спеціальності корабельних енергетичних установок і систем
364;Корабельних систем і пристроїв;4. Військово-морські спеціальності;4.6. Спеціальності корабельних енергетичних установок і систем
366;Корабельного електрообладнання;4. Військово-морські спеціальності;4.6. Спеціальності корабельних енергетичних установок і систем
367;Корабельних приладів управління та сигналізації;4. Військово-морські спеціальності;4.6. Спеціальності корабельних енергетичних установок і систем
368;Двигунів внутрішнього згоряння;4. Військово-морські спеціальності;4.6. Спеціальності корабельних енергетичних установок і систем
369;Дизель-генераторів;4. Військово-морські спеціальності;4.6. Спеціальності корабельних енергетичних установок і систем
370;Торпедних і ракетних катерів;4. Військово-морські спеціальності;4.6. Спеціальності корабельних енергетичних установок і систем
371;Двигунів, що працюють у замкнутому циклі;4. Військово-морські спеціальності;4.6. Спеціальності корабельних енергетичних установок і систем
373;Кораблів і катерів на повітряній подушці;4. Військово-морські спеціальності;4.6. Спеціальності корабельних енергетичних установок і систем
379;Водолазних робіт;4. Військово-морські спеціальності;4.7. Підводно-технічні спеціальності
380;Водолазних глибоководних робіт;4. Військово-морські спеціальності;4.7. Підводно-технічні спеціальності
381;Підводного мінування та робіт спеціального призначення, спеціальної розвідки;4. Військово-морські спеціальності;4.7. Підводно-технічні спеціальності
382;Водолазів-розвідників спеціального призначення, спеціальної розвідки;4. Військово-морські спеціальності;4.7. Підводно-технічні спеціальності
383;Водолазів-радистів спеціального призначення, спеціальної розвідки;4. Військово-морські спеціальності;4.7. Підводно-технічні спеціальності
384;Водолазів-радіометристів спеціального призначення, спеціальної розвідки;4. Військово-морські спеціальності;4.7. Підводно-технічні спеціальності
385;Підводних підривних робіт;4. Військово-морські спеціальності;4.7. Підводно-технічні спеціальності
386;Аварійно-рятувальних і суднопідйомних робіт;4. Військово-морські спеціальності;4.7. Підводно-технічні спеціальності
403;Телекомунікацій;5. Спеціальності зв’язку;5.1. Спеціальності проводового зв’язку
408;Засобів механізації будівельних і монтажних робіт;5. Спеціальності зв’язку;5.1. Спеціальності проводового зв’язку
420;Радіо- та супутникового зв’язку;5. Спеціальності зв’язку;5.2. Спеціальності радіо- та супутникового зв’язку
429;Корабельних засобів радіозв’язку;5. Спеціальності зв’язку;5.2. Спеціальності радіо- та супутникового зв’язку
430;Систем і комплексів радіозв’язку;5. Спеціальності зв’язку;5.2. Спеціальності радіо- та супутникового зв’язку
432;Апаратури магнітного запису;5. Спеціальності зв’язку;5.2. Спеціальності радіо- та супутникового зв’язку
441;Приймальних радіопристроїв, комплексів та засобів спеціального радіозв’язку великої та середньої потужності;5. Спеціальності зв’язку;5.3. Спеціальності радіозасобів особливого призначення та спеціального радіозв’язку
443;Засобів спеціального радіозв’язку малої потужності;5. Спеціальності зв’язку;5.3. Спеціальності радіозасобів особливого призначення та спеціального радіозв’язку
446;Радіоперехоплення, пеленгування та аналізу радіовипромінювання;5. Спеціальності зв’язку;5.3. Спеціальності радіозасобів особливого призначення та спеціального радіозв’язку
450;Відкритого та засекреченого слухового зв’язку;5. Спеціальності зв’язку;5.4. Спеціальності служби безпеки зв’язку
451;Випромінювання засобів радіозв’язку;5. Спеціальності зв’язку;5.4. Спеціальності служби безпеки зв’язку
452;Радіорелейного, ультракороткохвильового та космічного зв’язку;5. Спеціальності зв’язку;5.4. Спеціальності служби безпеки зв’язку
453;Телеграфного літеродрукувального засекреченого радіозв’язку;5. Спеціальності зв’язку;5.4. Спеціальності служби безпеки зв’язку
454;Фототелеграфного, телевізійного та відеозв’язку;5. Спеціальності зв’язку;5.4. Спеціальності служби безпеки зв’язку
455;Спеціальних видів радіопередач;5. Спеціальності зв’язку;5.4. Спеціальності служби безпеки зв’язку
460;Радіорелейного та тропосферного зв’язку;5. Спеціальності зв’язку;5.5. Спеціальності радіорелейного та тропосферного зв’язку
474;Захисту інформації та кібернетичної безпеки в інформаційно-телекомунікаційних системах;5. Спеціальності зв’язку;5.6. Спеціальності захисту інформації та кібернетичної безпеки в інформаційно-телекомунікаційних системах
478;Фототелеграфного;5. Спеціальності зв’язку;5.6. Спеціальності захисту інформації та кібернетичної безпеки в інформаційно-телекомунікаційних системах
485;Фельд’єгерсько-поштового зв’язку;5. Спеціальності зв’язку;5.7. Спеціальності фельд’єгерсько-поштового зв’язку
500;Радіолокаційних станцій (комплексів) метрового діапазону;6. Радіотехнічні спеціальності;6.1. Спеціальності радіолокаційних станцій (комплексів) виявлення, наведення та цілевказання
501;Радіолокаційних станцій (комплексів) дециметрового діапазону;6. Радіотехнічні спеціальності;6.1. Спеціальності радіолокаційних станцій (комплексів) виявлення, наведення та цілевказання
502;Радіолокаційних станцій (комплексів) сантиметрового діапазону;6. Радіотехнічні спеціальності;6.1. Спеціальності радіолокаційних станцій (комплексів) виявлення, наведення та цілевказання
503;Радіолокаційних станцій (комплексів) спостереження за ближньою повітряною та надводною обстановкою;6. Радіотехнічні спеціальності;6.1. Спеціальності радіолокаційних станцій (комплексів) виявлення, наведення та цілевказання
504;Радіолокаційних станцій (комплексів) спостереження за дальньою повітряною обстановкою;6. Радіотехнічні спеціальності;6.1. Спеціальності радіолокаційних станцій (комплексів) виявлення, наведення та цілевказання
505;Технічних засобів бойових інформаційних постів;6. Радіотехнічні спеціальності;6.1. Спеціальності радіолокаційних станцій (комплексів) виявлення, наведення та цілевказання
506;Штурманських радіолокаційних засобів;6. Радіотехнічні спеціальності;6.1. Спеціальності радіолокаційних станцій (комплексів) виявлення, наведення та цілевказання
507;Радіовисотомірів;6. Радіотехнічні спеціальності;6.1. Спеціальності радіолокаційних станцій (комплексів) виявлення, наведення та цілевказання
508;Радіотехнічних комплексних систем;6. Радіотехнічні спеціальності;6.1. Спеціальності радіолокаційних станцій (комплексів) виявлення, наведення та цілевказання
513;Радіолокаційних станцій забезпечення гарматної наводки;6. Радіотехнічні спеціальності;6.2. Спеціальності радіолокаційних станцій забезпечення стрільби
514;Радіоприладних комплексів;6. Радіотехнічні спеціальності;6.2. Спеціальності радіолокаційних станцій забезпечення стрільби
515;Радіолокаційних станцій ракетних військ і артилерії;6. Радіотехнічні спеціальності;6.2. Спеціальності радіолокаційних станцій забезпечення стрільби
516;Радіотехнічних засобів наземної артилерії;6. Радіотехнічні спеціальності;6.2. Спеціальності радіолокаційних станцій забезпечення стрільби
517;Радіолокаційних станцій корабельної артилерії;6. Радіотехнічні спеціальності;6.2. Спеціальності радіолокаційних станцій забезпечення стрільби
518;Радіолокаційних станцій зенітної корабельної артилерії;6. Радіотехнічні спеціальності;6.2. Спеціальності радіолокаційних станцій забезпечення стрільби
519;Радіолокаційних станцій торпедної стрільби;6. Радіотехнічні спеціальності;6.2. Спеціальності радіолокаційних станцій забезпечення стрільби
520;Метеорологічних радіолокаційних станцій;6. Радіотехнічні спеціальності;6.2. Спеціальності радіолокаційних станцій забезпечення стрільби
525;Радіотехнічних систем і станцій посадки літаків;6. Радіотехнічні спеціальності;6.3. Спеціальності радіотехнічних систем і станцій забезпечення навігації та посадки літаків, навігації кораблів і підводних човнів
526;Радіотехнічних систем і станцій дальньої навігації;6. Радіотехнічні спеціальності;6.3. Спеціальності радіотехнічних систем і станцій забезпечення навігації та посадки літаків, навігації кораблів і підводних човнів
527;Радіотехнічних систем і станцій ближньої навігації;6. Радіотехнічні спеціальності;6.3. Спеціальності радіотехнічних систем і станцій забезпечення навігації та посадки літаків, навігації кораблів і підводних човнів
528;Привідних радіостанцій і радіомаркерів;6. Радіотехнічні спеціальності;6.3. Спеціальності радіотехнічних систем і станцій забезпечення навігації та посадки літаків, навігації кораблів і підводних човнів
529;Радіопеленгаторів короткохвильового діапазону;6. Радіотехнічні спеціальності;6.3. Спеціальності радіотехнічних систем і станцій забезпечення навігації та посадки літаків, навігації кораблів і підводних човнів
530;Радіопеленгаторів ультракороткохвильового та дециметрового діапазонів;6. Радіотехнічні спеціальності;6.3. Спеціальності радіотехнічних систем і станцій забезпечення навігації та посадки літаків, навігації кораблів і підводних човнів
531;Інструментальних систем посадки літаків;6. Радіотехнічні спеціальності;6.3. Спеціальності радіотехнічних систем і станцій забезпечення навігації та посадки літаків, навігації кораблів і підводних човнів
532;Навігаційно-зв’язкових космічних систем;6. Радіотехнічні спеціальності;6.3. Спеціальності радіотехнічних систем і станцій забезпечення навігації та посадки літаків, навігації кораблів і підводних човнів
533;Метеорологічних радіолокаційних станцій;6. Радіотехнічні спеціальності;6.3. Спеціальності радіотехнічних систем і станцій забезпечення навігації та посадки літаків, навігації кораблів і підводних човнів
538;Радіолокації;6. Радіотехнічні спеціальності;6.4. Спеціальності радіотехнічних засобів електромагнітної (pадіоелектpонної) боротьби, засобів управління ними та технічного контролю (моніторингу та спостереження)
539;Ближньої радіонавігації;6. Радіотехнічні спеціальності;6.4. Спеціальності радіотехнічних засобів електромагнітної (pадіоелектpонної) боротьби, засобів управління ними та технічного контролю (моніторингу та спостереження)
540;Радіопідривників;6. Радіотехнічні спеціальності;6.4. Спеціальності радіотехнічних засобів електромагнітної (pадіоелектpонної) боротьби, засобів управління ними та технічного контролю (моніторингу та спостереження)
541;Оптико-електронних засобів;6. Радіотехнічні спеціальності;6.4. Спеціальності радіотехнічних засобів електромагнітної (pадіоелектpонної) боротьби, засобів управління ними та технічного контролю (моніторингу та спостереження)
542;Гідроакустичних засобів;6. Радіотехнічні спеціальності;6.4. Спеціальності радіотехнічних засобів електромагнітної (pадіоелектpонної) боротьби, засобів управління ними та технічного контролю (моніторингу та спостереження)
543;Комплексів автоматизованого управління радіотехнічними засобами електромагнітної (pадіоелектpонної) боротьби;6. Радіотехнічні спеціальності;6.4. Спеціальності радіотехнічних засобів електромагнітної (pадіоелектpонної) боротьби, засобів управління ними та технічного контролю (моніторингу та спостереження)
544;Засобів радіоелектронного захисту в електромагнітному просторі;6. Радіотехнічні спеціальності;6.4. Спеціальності радіотехнічних засобів електромагнітної (pадіоелектpонної) боротьби, засобів управління ними та технічного контролю (моніторингу та спостереження)
545;Електромагнітної (pадіоелектpонної) боротьби з безпілотними літальними апаратами;6. Радіотехнічні спеціальності;6.4. Спеціальності радіотехнічних засобів електромагнітної (pадіоелектpонної) боротьби, засобів управління ними та технічного контролю (моніторингу та спостереження)
546;Засобів радіотехнічної розвідки та радіоелектронного подавлення;6. Радіотехнічні спеціальності;6.4. Спеціальності радіотехнічних засобів електромагнітної (pадіоелектpонної) боротьби, засобів управління ними та технічного контролю (моніторингу та спостереження)
547;Засобів моніторингу та спостереження за безпілотними літальними апаратами та крилатими ракетами;6. Радіотехнічні спеціальності;6.4. Спеціальності радіотехнічних засобів електромагнітної (pадіоелектpонної) боротьби, засобів управління ними та технічного контролю (моніторингу та спостереження)
549;Короткохвильового радіозв’язку;6. Радіотехнічні спеціальності;6.5. Спеціальності pадіозасобів pадіоелектpонного подавлення, засобів управління ними
550;Ультракороткохвильового радіозв’язку;6. Радіотехнічні спеціальності;6.5. Спеціальності pадіозасобів pадіоелектpонного подавлення, засобів управління ними
551;Радіорелейного та тропосферного радіозв’язку;6. Радіотехнічні спеціальності;6.5. Спеціальності pадіозасобів pадіоелектpонного подавлення, засобів управління ними
552;Дальньої радіонавігації;6. Радіотехнічні спеціальності;6.5. Спеціальності pадіозасобів pадіоелектpонного подавлення, засобів управління ними
553;Космічного радіозв’язку;6. Радіотехнічні спеціальності;6.5. Спеціальності pадіозасобів pадіоелектpонного подавлення, засобів управління ними
554;Комплексів автоматизованого управління засобами радіоперешкод;6. Радіотехнічні спеціальності;6.5. Спеціальності pадіозасобів pадіоелектpонного подавлення, засобів управління ними
555;Тактичні системи радіорозвідки та пеленгування;6. Радіотехнічні спеціальності;6.5. Спеціальності pадіозасобів pадіоелектpонного подавлення, засобів управління ними
563;Приймальних пристроїв систем попередження про ракетний напад;6. Радіотехнічні спеціальності;6.6. Спеціальності систем попередження про ракетний напад
564;Передавальних пристроїв систем попередження про ракетний напад;6. Радіотехнічні спеціальності;6.6. Спеціальності систем попередження про ракетний напад
569;Радіотехнічних засобів розвідки;6. Радіотехнічні спеціальності;6.7. Спеціальності радіотехнічних засобів особливого призначення
575;Антенно-фідерних пристроїв;6. Радіотехнічні спеціальності;6.8. Спеціальності комплексів приймання та оброблення інформації з космічних об’єктів
576;Пристроїв оброблення інформації;6. Радіотехнічні спеціальності;6.8. Спеціальності комплексів приймання та оброблення інформації з космічних об’єктів
577;Апаратури реєстрування інформації;6. Радіотехнічні спеціальності;6.8. Спеціальності комплексів приймання та оброблення інформації з космічних об’єктів
582;Телебачення;6. Радіотехнічні спеціальності;6.9. Спеціальності телебачення та відеозв’язку
583;Відеозв’язку;6. Радіотехнічні спеціальності;6.9. Спеціальності телебачення та відеозв’язку
586;Технічних засобів охоронної сигналізації та телебачення;6. Радіотехнічні спеціальності;6.9. Спеціальності телебачення та відеозв’язку
600;Електронних обчислювальних машин;7. Спеціальності автоматизованих систем управління, обчислювальної та вимірювальної техніки;7.1. Спеціальності обчислювальної техніки
601;Адміністрування авоматизованої системи єдиного державного реєстру військовозобов’язаних;7. Спеціальності автоматизованих систем управління, обчислювальної та вимірювальної техніки;7.1. Спеціальності обчислювальної техніки
602;Лічильно-обчислювальних приладів;7. Спеціальності автоматизованих систем управління, обчислювальної та вимірювальної техніки;7.1. Спеціальності обчислювальної техніки
603;Бойових інформаційно-управляючих систем та відображення інформації;7. Спеціальності автоматизованих систем управління, обчислювальної та вимірювальної техніки;7.1. Спеціальності обчислювальної техніки
604;Лічильно-клавішних і лічильно-перфораційних машин;7. Спеціальності автоматизованих систем управління, обчислювальної та вимірювальної техніки;7.1. Спеціальності обчислювальної техніки
605;Підрозділів кіберборотьби (кіберрозвідки, кіберзахисту, кібердії);7. Спеціальності автоматизованих систем управління, обчислювальної та вимірювальної техніки;7.1. Спеціальності обчислювальної техніки
606;Спеціального програмного забезпечення апаратно-програмних комплексів електромагнітної боротьби та кіберборотьби;7. Спеціальності автоматизованих систем управління, обчислювальної та вимірювальної техніки;7.1. Спеціальності обчислювальної техніки
611;Ракетних комплексів;7. Спеціальності автоматизованих систем управління, обчислювальної та вимірювальної техніки;7.2. Спеціальності апаратури і устаткування автоматизованих систем управління та зв’язку
612;Зенітних ракетних комплексів;7. Спеціальності автоматизованих систем управління, обчислювальної та вимірювальної техніки;7.2. Спеціальності апаратури і устаткування автоматизованих систем управління та зв’язку
614;Систем попередження про ракетний напад;7. Спеціальності автоматизованих систем управління, обчислювальної та вимірювальної техніки;7.2. Спеціальності апаратури і устаткування автоматизованих систем управління та зв’язку
615;Командних пунктів;7. Спеціальності автоматизованих систем управління, обчислювальної та вимірювальної техніки;7.2. Спеціальності апаратури і устаткування автоматизованих систем управління та зв’язку
616;Пунктів управління;7. Спеціальності автоматизованих систем управління, обчислювальної та вимірювальної техніки;7.2. Спеціальності апаратури і устаткування автоматизованих систем управління та зв’язку
617;Зв’язку;7. Спеціальності автоматизованих систем управління, обчислювальної та вимірювальної техніки;7.2. Спеціальності апаратури і устаткування автоматизованих систем управління та зв’язку
618;Комплексів протичовнової оборони;7. Спеціальності автоматизованих систем управління, обчислювальної та вимірювальної техніки;7.2. Спеціальності апаратури і устаткування автоматизованих систем управління та зв’язку
619;Корабельних енергетичних установок і систем;7. Спеціальності автоматизованих систем управління, обчислювальної та вимірювальної техніки;7.2. Спеціальності апаратури і устаткування автоматизованих систем управління та зв’язку
620;Відображення, індикації та документування інформації;7. Спеціальності автоматизованих систем управління, обчислювальної та вимірювальної техніки;7.2. Спеціальності апаратури і устаткування автоматизованих систем управління та зв’язку
621;Приймання та передавання інформації;7. Спеціальності автоматизованих систем управління, обчислювальної та вимірювальної техніки;7.2. Спеціальності апаратури і устаткування автоматизованих систем управління та зв’язку
622;Комплексів засобів автоматизації автоматизованої системи управління авіацією та протиповітряною обороною;7. Спеціальності автоматизованих систем управління, обчислювальної та вимірювальної техніки;7.2. Спеціальності апаратури і устаткування автоматизованих систем управління та зв’язку
626;Далекомірів (візирів);7. Спеціальності автоматизованих систем управління, обчислювальної та вимірювальної техніки;7.3. Спеціальності оптичних і звукометричних засобів вимірювання та метеорології
627;Звукометричних засобів;7. Спеціальності автоматизованих систем управління, обчислювальної та вимірювальної техніки;7.3. Спеціальності оптичних і звукометричних засобів вимірювання та метеорології
628;Оптичних засобів виміру та наводки;7. Спеціальності автоматизованих систем управління, обчислювальної та вимірювальної техніки;7.3. Спеціальності оптичних і звукометричних засобів вимірювання та метеорології
629;Світлотехнічних засобів виявлення та реєстрації ядерних вибухів;7. Спеціальності автоматизованих систем управління, обчислювальної та вимірювальної техніки;7.3. Спеціальності оптичних і звукометричних засобів вимірювання та метеорології
630;Геофізичних засобів виявлення та реєстрації ядерних вибухів;7. Спеціальності автоматизованих систем управління, обчислювальної та вимірювальної техніки;7.3. Спеціальності оптичних і звукометричних засобів вимірювання та метеорології
631;Метеорології (гідрометеорології);7. Спеціальності автоматизованих систем управління, обчислювальної та вимірювальної техніки;7.3. Спеціальності оптичних і звукометричних засобів вимірювання та метеорології
632;Метеорологічної (гідрометеорологічної) техніки;7. Спеціальності автоматизованих систем управління, обчислювальної та вимірювальної техніки;7.3. Спеціальності оптичних і звукометричних засобів вимірювання та метеорології
633;Балістичних станцій;7. Спеціальності автоматизованих систем управління, обчислювальної та вимірювальної техніки;7.3. Спеціальності оптичних і звукометричних засобів вимірювання та метеорології
638;Радіотелеметричних станцій (комплексів);7. Спеціальності автоматизованих систем управління, обчислювальної та вимірювальної техніки;7.4. Спеціальності командно-вимірювальних комплексів
639;Станції траєкторних вимірів;7. Спеціальності автоматизованих систем управління, обчислювальної та вимірювальної техніки;7.4. Спеціальності командно-вимірювальних комплексів
640;Станції командних радіоліній;7. Спеціальності автоматизованих систем управління, обчислювальної та вимірювальної техніки;7.4. Спеціальності командно-вимірювальних комплексів
641;Кінотеодолітних станцій;7. Спеціальності автоматизованих систем управління, обчислювальної та вимірювальної техніки;7.4. Спеціальності командно-вимірювальних комплексів
642;Антенних пристроїв радіотехнічних станцій (систем);7. Спеціальності автоматизованих систем управління, обчислювальної та вимірювальної техніки;7.4. Спеціальності командно-вимірювальних комплексів
643;Апаратури системи єдиного часу;7. Спеціальності автоматизованих систем управління, обчислювальної та вимірювальної техніки;7.4. Спеціальності командно-вимірювальних комплексів
644;Радіотехнічних засобів виявлення та реєстрації ядерних вибухів;7. Спеціальності автоматизованих систем управління, обчислювальної та вимірювальної техніки;7.4. Спеціальності командно-вимірювальних комплексів
645;Систем попередження про ракетний напад;7. Спеціальності автоматизованих систем управління, обчислювальної та вимірювальної техніки;7.4. Спеціальності командно-вимірювальних комплексів
646;Приймально-вимірювальних і обчислювальних комплексів ракет і космічних апаратів;7. Спеціальності автоматизованих систем управління, обчислювальної та вимірювальної техніки;7.4. Спеціальності командно-вимірювальних комплексів
651;Електронної автоматики та телемеханіки;7. Спеціальності автоматизованих систем управління, обчислювальної та вимірювальної техніки;7.5. Спеціальності електронної автоматики, телемеханіки та квантово-електронної техніки
652;Оптико-електронної техніки;7. Спеціальності автоматизованих систем управління, обчислювальної та вимірювальної техніки;7.5. Спеціальності електронної автоматики, телемеханіки та квантово-електронної техніки
653;Квантово-електронної техніки;7. Спеціальності автоматизованих систем управління, обчислювальної та вимірювальної техніки;7.5. Спеціальності електронної автоматики, телемеханіки та квантово-електронної техніки
654;Оптико-електронних систем наведення ракет;7. Спеціальності автоматизованих систем управління, обчислювальної та вимірювальної техніки;7.5. Спеціальності електронної автоматики, телемеханіки та квантово-електронної техніки
659;Силових і освітлювальних агрегатів (станцій);7. Спеціальності автоматизованих систем управління, обчислювальної та вимірювальної техніки;7.6. Електротехнічні спеціальності
660;Трансформаторних підстанцій і розподільних пристроїв;7. Спеціальності автоматизованих систем управління, обчислювальної та вимірювальної техніки;7.6. Електротехнічні спеціальності
661;Високовольтних мереж;7. Спеціальності автоматизованих систем управління, обчислювальної та вимірювальної техніки;7.6. Електротехнічні спеціальності
662;Низьковольтних мереж;7. Спеціальності автоматизованих систем управління, обчислювальної та вимірювальної техніки;7.6. Електротехнічні спеціальності
664;Релейного захисту і автоматики;7. Спеціальності автоматизованих систем управління, обчислювальної та вимірювальної техніки;7.6. Електротехнічні спеціальності
665;Прожекторів;7. Спеціальності автоматизованих систем управління, обчислювальної та вимірювальної техніки;7.6. Електротехнічні спеціальності
666;Електротехнічних засобів загороджень і сигналізації;7. Спеціальності автоматизованих систем управління, обчислювальної та вимірювальної техніки;7.6. Електротехнічні спеціальності
667;Навчальних полів;7. Спеціальності автоматизованих систем управління, обчислювальної та вимірювальної техніки;7.6. Електротехнічні спеціальності
671;Картографії;7. Спеціальності автоматизованих систем управління, обчислювальної та вимірювальної техніки;7.7. Спеціальності картографії, топогеодезії, фотограмметрії, геоінформаційних технологій і систем та аерофотографічної служби
672;Топографії;7. Спеціальності автоматизованих систем управління, обчислювальної та вимірювальної техніки;7.7. Спеціальності картографії, топогеодезії, фотограмметрії, геоінформаційних технологій і систем та аерофотографічної служби
673;Геодезії;7. Спеціальності автоматизованих систем управління, обчислювальної та вимірювальної техніки;7.7. Спеціальності картографії, топогеодезії, фотограмметрії, геоінформаційних технологій і систем та аерофотографічної служби
674;Топогеодезії;7. Спеціальності автоматизованих систем управління, обчислювальної та вимірювальної техніки;7.7. Спеціальності картографії, топогеодезії, фотограмметрії, геоінформаційних технологій і систем та аерофотографічної служби
675;Фотографії та фотообладнання;7. Спеціальності автоматизованих систем управління, обчислювальної та вимірювальної техніки;7.7. Спеціальності картографії, топогеодезії, фотограмметрії, геоінформаційних технологій і систем та аерофотографічної служби
676;Фотограмметрії та дешифрування;7. Спеціальності автоматизованих систем управління, обчислювальної та вимірювальної техніки;7.7. Спеціальності картографії, топогеодезії, фотограмметрії, геоінформаційних технологій і систем та аерофотографічної служби
677;Аерофотографічної служби;7. Спеціальності автоматизованих систем управління, обчислювальної та вимірювальної техніки;7.7. Спеціальності картографії, топогеодезії, фотограмметрії, геоінформаційних технологій і систем та аерофотографічної служби
678;Фотоастрономії;7. Спеціальності автоматизованих систем управління, обчислювальної та вимірювальної техніки;7.7. Спеціальності картографії, топогеодезії, фотограмметрії, геоінформаційних технологій і систем та аерофотографічної служби
679;Геоінформаційних технологій і систем;7. Спеціальності автоматизованих систем управління, обчислювальної та вимірювальної техніки;7.7. Спеціальності картографії, топогеодезії, фотограмметрії, геоінформаційних технологій і систем та аерофотографічної служби
682;Гідрографії;7. Спеціальності автоматизованих систем управління, обчислювальної та вимірювальної техніки;7.8. Спеціальності гідрографії, гідрології, гравіметрії, магнітометрії та сейсмоакустики
683;Гідрології;7. Спеціальності автоматизованих систем управління, обчислювальної та вимірювальної техніки;7.8. Спеціальності гідрографії, гідрології, гравіметрії, магнітометрії та сейсмоакустики
684;Гравіметрії;7. Спеціальності автоматизованих систем управління, обчислювальної та вимірювальної техніки;7.8. Спеціальності гідрографії, гідрології, гравіметрії, магнітометрії та сейсмоакустики
685;Магнітометрії;7. Спеціальності автоматизованих систем управління, обчислювальної та вимірювальної техніки;7.8. Спеціальності гідрографії, гідрології, гравіметрії, магнітометрії та сейсмоакустики
686;Сейсмоакустики;7. Спеціальності автоматизованих систем управління, обчислювальної та вимірювальної техніки;7.8. Спеціальності гідрографії, гідрології, гравіметрії, магнітометрії та сейсмоакустики
700;Експлуатація та ремонт бронетанкової техніки;8. Спеціальності з експлуатації, ремонту і зберігання озброєння, боєприпасів, техніки. Спеціальності логістичного забезпечення;8.1. Спеціальності з ремонту і зберігання бронетанкової техніки
702;Підйомно-транспортного та заправного обладнання оперативно-тактичних ракет;8. Спеціальності з експлуатації, ремонту і зберігання озброєння, боєприпасів, техніки. Спеціальності логістичного забезпечення;8.2. Спеціальності з ремонту та зберігання ракетного, артилерійського, стрілецького озброєння та боєприпасів
703;Перевіряльно-пускового та електросилового обладнання оперативно-тактичних ракет;8. Спеціальності з експлуатації, ремонту і зберігання озброєння, боєприпасів, техніки. Спеціальності логістичного забезпечення;8.2. Спеціальності з ремонту та зберігання ракетного, артилерійського, стрілецького озброєння та боєприпасів
704;Наземного обладнання тактичних ракет;8. Спеціальності з експлуатації, ремонту і зберігання озброєння, боєприпасів, техніки. Спеціальності логістичного забезпечення;8.2. Спеціальності з ремонту та зберігання ракетного, артилерійського, стрілецького озброєння та боєприпасів
705;Наземного обладнання систем попередження про ракетний напад;8. Спеціальності з експлуатації, ремонту і зберігання озброєння, боєприпасів, техніки. Спеціальності логістичного забезпечення;8.2. Спеціальності з ремонту та зберігання ракетного, артилерійського, стрілецького озброєння та боєприпасів
706;Технічне забезпечення, експлуатація та ремонт ракетного озброєння і обладнання;8. Спеціальності з експлуатації, ремонту і зберігання озброєння, боєприпасів, техніки. Спеціальності логістичного забезпечення;8.2. Спеціальності з ремонту та зберігання ракетного, артилерійського, стрілецького озброєння та боєприпасів
707;Забезпечення авіаційно-технічним майном та засобами ураження;8. Спеціальності з експлуатації, ремонту і зберігання озброєння, боєприпасів, техніки. Спеціальності логістичного забезпечення;8.2. Спеціальності з ремонту та зберігання ракетного, артилерійського, стрілецького озброєння та боєприпасів
713;Експлуатація та ремонт ракетного, артилерійського, стрілецького озброєння і засобів ближнього бою;8. Спеціальності з експлуатації, ремонту і зберігання озброєння, боєприпасів, техніки. Спеціальності логістичного забезпечення;8.2. Спеціальності з ремонту та зберігання ракетного, артилерійського, стрілецького озброєння та боєприпасів
714;Експлуатація та ремонт безекіпажних наземних комплексів (апаратів, систем);8. Спеціальності з експлуатації, ремонту і зберігання озброєння, боєприпасів, техніки. Спеціальності логістичного забезпечення;8.2. Спеціальності з ремонту та зберігання ракетного, артилерійського, стрілецького озброєння та боєприпасів
715;Експлуатація та ремонт бойових роботизованих модулів;8. Спеціальності з експлуатації, ремонту і зберігання озброєння, боєприпасів, техніки. Спеціальності логістичного забезпечення;8.2. Спеціальності з ремонту та зберігання ракетного, артилерійського, стрілецького озброєння та боєприпасів
718;Зенітної самохідної артилерії;8. Спеціальності з експлуатації, ремонту і зберігання озброєння, боєприпасів, техніки. Спеціальності логістичного забезпечення;8.2. Спеціальності з ремонту та зберігання ракетного, артилерійського, стрілецького озброєння та боєприпасів
719;Корабельної та берегової артилерії;8. Спеціальності з експлуатації, ремонту і зберігання озброєння, боєприпасів, техніки. Спеціальності логістичного забезпечення;8.2. Спеціальності з ремонту та зберігання ракетного, артилерійського, стрілецького озброєння та боєприпасів
720;Топографічної техніки та майна;8. Спеціальності з експлуатації, ремонту і зберігання озброєння, боєприпасів, техніки. Спеціальності логістичного забезпечення;8.2. Спеціальності з ремонту та зберігання ракетного, артилерійського, стрілецького озброєння та боєприпасів
721;Приладів управління стрільбою;8. Спеціальності з експлуатації, ремонту і зберігання озброєння, боєприпасів, техніки. Спеціальності логістичного забезпечення;8.2. Спеціальності з ремонту та зберігання ракетного, артилерійського, стрілецького озброєння та боєприпасів
725;Зберігання та ремонт засобів ураження;8. Спеціальності з експлуатації, ремонту і зберігання озброєння, боєприпасів, техніки. Спеціальності логістичного забезпечення;8.3. Спеціальності з ремонту і зберігання засобів ураження
726;Оперативно-тактичних ракет;8. Спеціальності з експлуатації, ремонту і зберігання озброєння, боєприпасів, техніки. Спеціальності логістичного забезпечення;8.3. Спеціальності з ремонту і зберігання засобів ураження
727;Тактичних ракет;8. Спеціальності з експлуатації, ремонту і зберігання озброєння, боєприпасів, техніки. Спеціальності логістичного забезпечення;8.3. Спеціальності з ремонту і зберігання засобів ураження
732;Протичовнових ракет;8. Спеціальності з експлуатації, ремонту і зберігання озброєння, боєприпасів, техніки. Спеціальності логістичного забезпечення;8.3. Спеціальності з ремонту і зберігання засобів ураження
736;Протитанкових керованих ракет;8. Спеціальності з експлуатації, ремонту і зберігання озброєння, боєприпасів, техніки. Спеціальності логістичного забезпечення;8.3. Спеціальності з ремонту і зберігання засобів ураження
737;Інженерних боєприпасів;8. Спеціальності з експлуатації, ремонту і зберігання озброєння, боєприпасів, техніки. Спеціальності логістичного забезпечення;8.3. Спеціальності з ремонту і зберігання засобів ураження
738;Експлуатація та ремонт автомобільної техніки та її аналогів;8. Спеціальності з експлуатації, ремонту і зберігання озброєння, боєприпасів, техніки. Спеціальності логістичного забезпечення;8.4. Спеціальності з ремонту та зберігання автомобільної техніки та тракторів
739;Експлуатація та ремонт гусеничних тягачів і транспортерів;8. Спеціальності з експлуатації, ремонту і зберігання озброєння, боєприпасів, техніки. Спеціальності логістичного забезпечення;8.4. Спеціальності з ремонту та зберігання автомобільної техніки та тракторів
740;Експлуатація та ремонт тракторів;8. Спеціальності з експлуатації, ремонту і зберігання озброєння, боєприпасів, техніки. Спеціальності логістичного забезпечення;8.4. Спеціальності з ремонту та зберігання автомобільної техніки та тракторів
741;Протичовнового озброєння;8. Спеціальності з експлуатації, ремонту і зберігання озброєння, боєприпасів, техніки. Спеціальності логістичного забезпечення;8.5. Спеціальності з ремонту та зберігання протичовнового, мінно-торпедного і гідрографічно-штурманського озброєння, шкіперського та аварійно-рятувального майна
742;Мінного та протимінного озброєння;8. Спеціальності з експлуатації, ремонту і зберігання озброєння, боєприпасів, техніки. Спеціальності логістичного забезпечення;8.5. Спеціальності з ремонту та зберігання протичовнового, мінно-торпедного і гідрографічно-штурманського озброєння, шкіперського та аварійно-рятувального майна
743;Торпедного озброєння;8. Спеціальності з експлуатації, ремонту і зберігання озброєння, боєприпасів, техніки. Спеціальності логістичного забезпечення;8.5. Спеціальності з ремонту та зберігання протичовнового, мінно-торпедного і гідрографічно-штурманського озброєння, шкіперського та аварійно-рятувального майна
744;Гідрографічно-штурманського озброєння;8. Спеціальності з експлуатації, ремонту і зберігання озброєння, боєприпасів, техніки. Спеціальності логістичного забезпечення;8.5. Спеціальності з ремонту та зберігання протичовнового, мінно-торпедного і гідрографічно-штурманського озброєння, шкіперського та аварійно-рятувального майна
745;Навігаційних комплексів підводних човнів;8. Спеціальності з експлуатації, ремонту і зберігання озброєння, боєприпасів, техніки. Спеціальності логістичного забезпечення;8.5. Спеціальності з ремонту та зберігання протичовнового, мінно-торпедного і гідрографічно-штурманського озброєння, шкіперського та аварійно-рятувального майна
746;Шкіперського майна;8. Спеціальності з експлуатації, ремонту і зберігання озброєння, боєприпасів, техніки. Спеціальності логістичного забезпечення;8.5. Спеціальності з ремонту та зберігання протичовнового, мінно-торпедного і гідрографічно-штурманського озброєння, шкіперського та аварійно-рятувального майна
747;Технічного майна;8. Спеціальності з експлуатації, ремонту і зберігання озброєння, боєприпасів, техніки. Спеціальності логістичного забезпечення;8.5. Спеціальності з ремонту та зберігання протичовнового, мінно-торпедного і гідрографічно-штурманського озброєння, шкіперського та аварійно-рятувального майна
748;Аварійно-рятувального майна;8. Спеціальності з експлуатації, ремонту і зберігання озброєння, боєприпасів, техніки. Спеціальності логістичного забезпечення;8.5. Спеціальності з ремонту та зберігання протичовнового, мінно-торпедного і гідрографічно-штурманського озброєння, шкіперського та аварійно-рятувального майна
749;Експлуатація та ремонт морських безекіпажних систем (комплексів);8. Спеціальності з експлуатації, ремонту і зберігання озброєння, боєприпасів, техніки. Спеціальності логістичного забезпечення;8.5. Спеціальності з ремонту та зберігання протичовнового, мінно-торпедного і гідрографічно-штурманського озброєння, шкіперського та аварійно-рятувального майна
752;Радіолокаційних станцій і радіотехнічних засобів наземної артилерії;8. Спеціальності з експлуатації, ремонту і зберігання озброєння, боєприпасів, техніки. Спеціальності логістичного забезпечення;8.6. Спеціальності з ремонту і зберігання радіолокаційних станцій та радіотехнічних засобів
753;Радіолокаційних станцій гарматного наведення та радіоприладних комплексів зенітної артилерії;8. Спеціальності з експлуатації, ремонту і зберігання озброєння, боєприпасів, техніки. Спеціальності логістичного забезпечення;8.6. Спеціальності з ремонту і зберігання радіолокаційних станцій та радіотехнічних засобів
754;Експлуатація та ремонт радіотехнічних засобів наведення зенітних ракетних комплексів (систем);8. Спеціальності з експлуатації, ремонту і зберігання озброєння, боєприпасів, техніки. Спеціальності логістичного забезпечення;8.6. Спеціальності з ремонту і зберігання радіолокаційних станцій та радіотехнічних засобів
755;Радіотехнічних засобів систем попередження про ракетний напад;8. Спеціальності з експлуатації, ремонту і зберігання озброєння, боєприпасів, техніки. Спеціальності логістичного забезпечення;8.6. Спеціальності з ремонту і зберігання радіолокаційних станцій та радіотехнічних засобів
758;Авіаційних радіолокаційних станцій;8. Спеціальності з експлуатації, ремонту і зберігання озброєння, боєприпасів, техніки. Спеціальності логістичного забезпечення;8.6. Спеціальності з ремонту і зберігання радіолокаційних станцій та радіотехнічних засобів
759;Корабельних радіолокаційних станцій;8. Спеціальності з експлуатації, ремонту і зберігання озброєння, боєприпасів, техніки. Спеціальності логістичного забезпечення;8.6. Спеціальності з ремонту і зберігання радіолокаційних станцій та радіотехнічних засобів
760;Контрольно-вимірювальної апаратури;8. Спеціальності з експлуатації, ремонту і зберігання озброєння, боєприпасів, техніки. Спеціальності логістичного забезпечення;8.6. Спеціальності з ремонту і зберігання радіолокаційних станцій та радіотехнічних засобів
761;Фізичної та реабілітаційної медицини;8. Спеціальності з експлуатації, ремонту і зберігання озброєння, боєприпасів, техніки. Спеціальності логістичного забезпечення;8.6. Спеціальності з ремонту і зберігання радіолокаційних станцій та радіотехнічних засобів
762;Радіотехнічних систем і станцій навігації та посадки літаків;8. Спеціальності з експлуатації, ремонту і зберігання озброєння, боєприпасів, техніки. Спеціальності логістичного забезпечення;8.6. Спеціальності з ремонту і зберігання радіолокаційних станцій та радіотехнічних засобів
764;Радіотехнічних засобів електромагнітної (pадіоелектpонної) боротьби;8. Спеціальності з експлуатації, ремонту і зберігання озброєння, боєприпасів, техніки. Спеціальності логістичного забезпечення;8.6. Спеціальності з ремонту і зберігання радіолокаційних станцій та радіотехнічних засобів
766;Забезпечення військ (сил) пальним та мастильними матеріалами;8. Спеціальності з експлуатації, ремонту і зберігання озброєння, боєприпасів, техніки. Спеціальності логістичного забезпечення;8.7. Спеціальності пально-мастильних матеріалів
767;Транспортування, зберігання, розподіл пального, мастильних матеріалів та матеріально-технічних засобів служби пального, їх експлуатація і ремонт;8. Спеціальності з експлуатації, ремонту і зберігання озброєння, боєприпасів, техніки. Спеціальності логістичного забезпечення;8.7. Спеціальності пально-мастильних матеріалів
769;З ремонту та зберігання засобів зв’язку;8. Спеціальності з експлуатації, ремонту і зберігання озброєння, боєприпасів, техніки. Спеціальності логістичного забезпечення;8.8. Спеціальності з ремонту та зберігання засобів зв’язку
776;Телевізійної апаратури;8. Спеціальності з експлуатації, ремонту і зберігання озброєння, боєприпасів, техніки. Спеціальності логістичного забезпечення;8.8. Спеціальності з ремонту та зберігання засобів зв’язку
782;Комплексів та засобів спеціального радіозв’язку;8. Спеціальності з експлуатації, ремонту і зберігання озброєння, боєприпасів, техніки. Спеціальності логістичного забезпечення;8.8. Спеціальності з ремонту та зберігання засобів зв’язку
784;Контрольно-вимірювальної апаратури;8. Спеціальності з експлуатації, ремонту і зберігання озброєння, боєприпасів, техніки. Спеціальності логістичного забезпечення;8.8. Спеціальності з ремонту та зберігання засобів зв’язку
785;Радіопеленгаторів, привідних радіостанцій і радіомаркерів;8. Спеціальності з експлуатації, ремонту і зберігання озброєння, боєприпасів, техніки. Спеціальності логістичного забезпечення;8.8. Спеціальності з ремонту та зберігання засобів зв’язку
786;Засобів електромагнітної (pадіоелектpонної) боротьби;8. Спеціальності з експлуатації, ремонту і зберігання озброєння, боєприпасів, техніки. Спеціальності логістичного забезпечення;8.8. Спеціальності з ремонту та зберігання засобів зв’язку
787;Об’єднане матеріальне забезпечення;8. Спеціальності з експлуатації, ремонту і зберігання озброєння, боєприпасів, техніки. Спеціальності логістичного забезпечення;8.9. Спеціальності об’єднаних видів матеріального забезпечення
788;Продовольче забезпечення;8. Спеціальності з експлуатації, ремонту і зберігання озброєння, боєприпасів, техніки. Спеціальності логістичного забезпечення;8.10. Спеціальності продовольчої служби
789;Речове забезпечення;8. Спеціальності з експлуатації, ремонту і зберігання озброєння, боєприпасів, техніки. Спеціальності логістичного забезпечення;8.11. Спеціальності речової служби
790;Перевезення автомобільним транспортом;8. Спеціальності з експлуатації, ремонту і зберігання озброєння, боєприпасів, техніки. Спеціальності логістичного забезпечення;8.12. Спеціальності з експлуатації автомобільної техніки
791;Метрологічне забезпечення військ (сил);8. Спеціальності з експлуатації, ремонту і зберігання озброєння, боєприпасів, техніки. Спеціальності логістичного забезпечення;8.13. Спеціальності метрології
792;Акумуляторних та зарядних пристроїв;8. Спеціальності з експлуатації, ремонту і зберігання озброєння, боєприпасів, техніки. Спеціальності логістичного забезпечення;8.14. Електротехнічні спеціальності
793;Холодної обробки металу;8. Спеціальності з експлуатації, ремонту і зберігання озброєння, боєприпасів, техніки. Спеціальності логістичного забезпечення;8.15. Спеціальності з обробки металу, дерева та полімерних матеріалів
794;Гарячої обробки металу;8. Спеціальності з експлуатації, ремонту і зберігання озброєння, боєприпасів, техніки. Спеціальності логістичного забезпечення;8.15. Спеціальності з обробки металу, дерева та полімерних матеріалів
795;Зварювальних робіт;8. Спеціальності з експлуатації, ремонту і зберігання озброєння, боєприпасів, техніки. Спеціальності логістичного забезпечення;8.15. Спеціальності з обробки металу, дерева та полімерних матеріалів
796;Гумових покриттів та вулканізації;8. Спеціальності з експлуатації, ремонту і зберігання озброєння, боєприпасів, техніки. Спеціальності логістичного забезпечення;8.15. Спеціальності з обробки металу, дерева та полімерних матеріалів
797;Малярних робіт;8. Спеціальності з експлуатації, ремонту і зберігання озброєння, боєприпасів, техніки. Спеціальності логістичного забезпечення;8.15. Спеціальності з обробки металу, дерева та полімерних матеріалів
798;Деревообробки;8. Спеціальності з експлуатації, ремонту і зберігання озброєння, боєприпасів, техніки. Спеціальності логістичного забезпечення;8.15. Спеціальності з обробки металу, дерева та полімерних матеріалів
799;Газодобувних і зарядних станцій (установок) та газового аналізу й контролю;8. Спеціальності з експлуатації, ремонту і зберігання озброєння, боєприпасів, техніки. Спеціальності логістичного забезпечення;8.16. Спеціальності паросилових установок, газодобувних і компресорних станцій
800;Корабельних гідроакустичних комплексів і станцій;9. Спеціальності з експлуатації, ремонту і зберігання техніки;9.1. Спеціальності з ремонту і зберігання засобів автоматизації, гідроакустичної, обчислювальної та оптико-електронної техніки
801;Берегових гідроакустичних комплексів і станцій;9. Спеціальності з експлуатації, ремонту і зберігання техніки;9.1. Спеціальності з ремонту і зберігання засобів автоматизації, гідроакустичної, обчислювальної та оптико-електронної техніки
802;Неакустичних засобів підводного спостереження;9. Спеціальності з експлуатації, ремонту і зберігання техніки;9.1. Спеціальності з ремонту і зберігання засобів автоматизації, гідроакустичної, обчислювальної та оптико-електронної техніки
803;Апаратури та обладнання автоматизованих систем управління;9. Спеціальності з експлуатації, ремонту і зберігання техніки;9.1. Спеціальності з ремонту і зберігання засобів автоматизації, гідроакустичної, обчислювальної та оптико-електронної техніки
805;Оптико-електронної техніки;9. Спеціальності з експлуатації, ремонту і зберігання техніки;9.1. Спеціальності з ремонту і зберігання засобів автоматизації, гідроакустичної, обчислювальної та оптико-електронної техніки
806;Квантово-електронної техніки;9. Спеціальності з експлуатації, ремонту і зберігання техніки;9.1. Спеціальності з ремонту і зберігання засобів автоматизації, гідроакустичної, обчислювальної та оптико-електронної техніки
807;Енергетичного і електротехнічного обладнання засобів протиповітряної оборони та систем попередження про ракетний напад;9. Спеціальності з експлуатації, ремонту і зберігання техніки;9.1. Спеціальності з ремонту і зберігання засобів автоматизації, гідроакустичної, обчислювальної та оптико-електронної техніки
808;Світлотехнічних засобів виявлення та реєстрації ядерних вибухів;9. Спеціальності з експлуатації, ремонту і зберігання техніки;9.1. Спеціальності з ремонту і зберігання засобів автоматизації, гідроакустичної, обчислювальної та оптико-електронної техніки
809;Геофізичних засобів виявлення та реєстрації ядерних вибухів;9. Спеціальності з експлуатації, ремонту і зберігання техніки;9.1. Спеціальності з ремонту і зберігання засобів автоматизації, гідроакустичної, обчислювальної та оптико-електронної техніки
815;Засобів вимірювальної техніки теплотехнічних величин;9. Спеціальності з експлуатації, ремонту і зберігання техніки;9.2. Спеціальності метрології
816;Засобів вимірювальної техніки механічних величин;9. Спеціальності з експлуатації, ремонту і зберігання техніки;9.2. Спеціальності метрології
817;Засобів вимірювальної техніки гідроакустичних і звукометричних величин;9. Спеціальності з експлуатації, ремонту і зберігання техніки;9.2. Спеціальності метрології
818;Засобів вимірювальної техніки іонізуючого випромінювання;9. Спеціальності з експлуатації, ремонту і зберігання техніки;9.2. Спеціальності метрології
819;Засобів вимірювальної техніки оптичних світлотехнічних величин та параметрів лазерного випромінювання;9. Спеціальності з експлуатації, ремонту і зберігання техніки;9.2. Спеціальності метрології
821;Засобів вимірювальної техніки системи єдиного часу та еталонних частот;9. Спеціальності з експлуатації, ремонту і зберігання техніки;9.2. Спеціальності метрології
827;Інженерної, дорожньо-будівельної, мостобудівної, лісозаготівельної, інженерно-аеродромної техніки та майна;9. Спеціальності з експлуатації, ремонту і зберігання техніки;9.3. Спеціальності з ремонту і зберігання бронетанкової, інженерної, інженерно-аеродромної, повітряно-десантної техніки та озброєння радіаційного, хімічного, біологічного захисту
828;Мінно-вибухової техніки;9. Спеціальності з експлуатації, ремонту і зберігання техніки;9.3. Спеціальності з ремонту і зберігання бронетанкової, інженерної, інженерно-аеродромної, повітряно-десантної техніки та озброєння радіаційного, хімічного, біологічного захисту
829;Електротехнічних засобів;9. Спеціальності з експлуатації, ремонту і зберігання техніки;9.3. Спеціальності з ремонту і зберігання бронетанкової, інженерної, інженерно-аеродромної, повітряно-десантної техніки та озброєння радіаційного, хімічного, біологічного захисту
830;Техніки та майна радіаційного, хімічного, біологічного захисту;9. Спеціальності з експлуатації, ремонту і зберігання техніки;9.3. Спеціальності з ремонту і зберігання бронетанкової, інженерної, інженерно-аеродромної, повітряно-десантної техніки та озброєння радіаційного, хімічного, біологічного захисту
831;Засобів радіаційної, хімічної, біологічної розвідки та дозиметричного контролю;9. Спеціальності з експлуатації, ремонту і зберігання техніки;9.3. Спеціальності з ремонту і зберігання бронетанкової, інженерної, інженерно-аеродромної, повітряно-десантної техніки та озброєння радіаційного, хімічного, біологічного захисту
832;Повітрянодесантної техніки;9. Спеціальності з експлуатації, ремонту і зберігання техніки;9.3. Спеціальності з ремонту і зберігання бронетанкової, інженерної, інженерно-аеродромної, повітряно-десантної техніки та озброєння радіаційного, хімічного, біологічного захисту
833;Понтонних парків і переправно-десантних машин;9. Спеціальності з експлуатації, ремонту і зберігання техніки;9.3. Спеціальності з ремонту і зберігання бронетанкової, інженерної, інженерно-аеродромної, повітряно-десантної техніки та озброєння радіаційного, хімічного, біологічного захисту
878;Молодшого медичного персоналу;9. Спеціальності з експлуатації, ремонту і зберігання техніки;9.4. Медичні спеціальності
879;Молодших спеціалістів з медичною освітою;9. Спеціальності з експлуатації, ремонту і зберігання техніки;9.4. Медичні спеціальності
880;Медичного обладнання;9. Спеціальності з експлуатації, ремонту і зберігання техніки;9.4. Медичні спеціальності
881;Фізичної та реабілітаційної медицини;9. Спеціальності з експлуатації, ремонту і зберігання техніки;9.4. Медичні спеціальності
884;Молодших ветеринарних спеціалістів;9. Спеціальності з експлуатації, ремонту і зберігання техніки;9.5. Ветеринарні спеціальності та спеціальності з використання службових тварин
885;Молодших спеціалістів ветеринарної медицини;9. Спеціальності з експлуатації, ремонту і зберігання техніки;9.5. Ветеринарні спеціальності та спеціальності з використання службових тварин
886;Службового собаківництва;9. Спеціальності з експлуатації, ремонту і зберігання техніки;9.5. Ветеринарні спеціальності та спеціальності з використання службових тварин
887;Службових тварин (перевезення вантажів);9. Спеціальності з експлуатації, ремонту і зберігання техніки;9.5. Ветеринарні спеціальності та спеціальності з використання службових тварин
900;Бухгалтерського обліку;10. Різні спеціальності;10.1. Штабні спеціальності
901;Діловодства;10. Різні спеціальності;10.1. Штабні спеціальності
902;Креслярських і графічних робіт;10. Різні спеціальності;10.1. Штабні спеціальності
903;Спеціального зв’язку (СПЗ);10. Різні спеціальності;10.1. Штабні спеціальності
904;Обробка інформації оборонного планування;10. Різні спеціальності;10.1. Штабні спеціальності
905;Ремонту техніки спеціального зв’язку;10. Різні спеціальності;10.1. Штабні спеціальності
906;Фізичної підготовки та спорту;10. Різні спеціальності;10.1. Штабні спеціальності
907;Дорожньо-комендантської служби;10. Різні спеціальності;10.1. Штабні спеціальності
908;Комендатур і контрольно-пропускних пунктів;10. Різні спеціальності;10.1. Штабні спеціальності
909;Електронної апаратури кодування та спеціального зв’язку;10. Різні спеціальності;10.1. Штабні спеціальності
910;Навчальних об’єктів полігонів;10. Різні спеціальності;10.1. Штабні спеціальності
911;Фінансів;10. Різні спеціальності;10.1. Штабні спеціальності
912;Клубів і бібліотек;10. Різні спеціальності;10.2. Спеціальності по роботі з особовим складом
913;Кінорадіотехнічні;10. Різні спеціальності;10.2. Спеціальності по роботі з особовим складом
914;Військової преси;10. Різні спеціальності;10.2. Спеціальності по роботі з особовим складом
915;Морально-психологічного забезпечення;10. Різні спеціальності;10.2. Спеціальності по роботі з особовим складом
916;Військової капеланської діяльності;10. Різні спеціальності;10.2. Спеціальності по роботі з особовим складом
917;Військових оркестрів, військових музичних центрів;10. Різні спеціальності;10.3. Спеціальності музичного мистецтва
918;Ансамблів і театрів;10. Різні спеціальності;10.3. Спеціальності музичного мистецтва
922;Друкарських робіт;10. Різні спеціальності;10.4. Спеціальності поліграфії
923;Друку топографічних карт;10. Різні спеціальності;10.4. Спеціальності поліграфії
924;Поліграфічних машин;10. Різні спеціальності;10.4. Спеціальності поліграфії
925;Оперативної техніки;10. Різні спеціальності;10.4. Спеціальності поліграфії
929;По роботі з військовослужбовцями, які проходять військову службу за контрактом;10. Різні спеціальності;10.5. Спеціальності по роботі з персоналом
932;Правоохоронна діяльність;10. Різні спеціальності;10.6. Спеціальності служби правопорядку
937;Колійних робіт;10. Різні спеціальності;10.7. Спеціальності з будівництва та відбудови аеродромів, залізниць і автошляхів
938;Колійних машин;10. Різні спеціальності;10.7. Спеціальності з будівництва та відбудови аеродромів, залізниць і автошляхів
939;Теслярсько-мостових і монтажно-мостових робіт;10. Різні спеціальності;10.7. Спеціальності з будівництва та відбудови аеродромів, залізниць і автошляхів
940;Складання та монтажу мостів із металоконструкцій;10. Різні спеціальності;10.7. Спеціальності з будівництва та відбудови аеродромів, залізниць і автошляхів
941;Палезабивних і копрових агрегатів;10. Різні спеціальності;10.7. Спеціальності з будівництва та відбудови аеродромів, залізниць і автошляхів
942;Залізничних, збірно-розбірних, консольних і плавучих кранів;10. Різні спеціальності;10.7. Спеціальності з будівництва та відбудови аеродромів, залізниць і автошляхів
943;Бурових, прохідницьких і породонавантажувальних машин;10. Різні спеціальності;10.7. Спеціальності з будівництва та відбудови аеродромів, залізниць і автошляхів
944;Залізничного водопостачання;10. Різні спеціальності;10.7. Спеціальності з будівництва та відбудови аеродромів, залізниць і автошляхів
945;Будівництва та ремонту автомобільних шляхів і аеродромів;10. Різні спеціальності;10.7. Спеціальності з будівництва та відбудови аеродромів, залізниць і автошляхів
946;Технічної розвідки залізниць;10. Різні спеціальності;10.7. Спеціальності з будівництва та відбудови аеродромів, залізниць і автошляхів
948;Служби руху;10. Різні спеціальності;10.8. Спеціальності з експлуатації залізниць
949;Локомотивної служби;10. Різні спеціальності;10.8. Спеціальності з експлуатації залізниць
953;Моторейкового транспорту;10. Різні спеціальності;10.8. Спеціальності з експлуатації залізниць
956;Будівельних робіт;10. Різні спеціальності;10.9. Спеціальності з будівництва, ремонту та експлуатації споруд і будов
957;Квартирно-експлуатаційної служби;10. Різні спеціальності;10.9. Спеціальності з будівництва, ремонту та експлуатації споруд і будов
958;Теплогазопостачання, вентиляції та кондиціювання;10. Різні спеціальності;10.9. Спеціальності з будівництва, ремонту та експлуатації споруд і будов
959;Холодильного обладнання та установок;10. Різні спеціальності;10.9. Спеціальності з будівництва, ремонту та експлуатації споруд і будов
960;Водопостачання та каналізації;10. Різні спеціальності;10.9. Спеціальності з будівництва, ремонту та експлуатації споруд і будов
961;Перекачувальних установок;10. Різні спеціальності;10.9. Спеціальності з будівництва, ремонту та експлуатації споруд і будов
962;Шахтових підйомників і ліфтів;10. Різні спеціальності;10.9. Спеціальності з будівництва, ремонту та експлуатації споруд і будов
963;Герметичнозахисних пристроїв спеціальних споруд;10. Різні спеціальності;10.9. Спеціальності з будівництва, ремонту та експлуатації споруд і будов
964;Ізоляційно-гудронаторних робіт;10. Різні спеціальності;10.9. Спеціальності з будівництва, ремонту та експлуатації споруд і будов
965;Фортифікаційних споруд;10. Різні спеціальності;10.9. Спеціальності з будівництва, ремонту та експлуатації споруд і будов
966;Служби пожежної безпеки;10. Різні спеціальності;10.9. Спеціальності з будівництва, ремонту та експлуатації споруд і будов
967;Пожежної охорони;10. Різні спеціальності;10.9. Спеціальності з будівництва, ремонту та експлуатації споруд і будов
972;Металопокриттів (крім покриттів лакофарбовими матеріалами та малярних робіт);10. Різні спеціальності;10.10. Спеціальності з обробки металу, дерева та полімерних матеріалів
974;Налагодження та ремонту станкового обладнання;10. Різні спеціальності;10.10. Спеціальності з обробки металу, дерева та полімерних матеріалів
975;Ливарних робіт;10. Різні спеціальності;10.10. Спеціальності з обробки металу, дерева та полімерних матеріалів
977;Обробки полімерних матеріалів;10. Різні спеціальності;10.10. Спеціальності з обробки металу, дерева та полімерних матеріалів
980;Паросилових і котельних установок;10. Різні спеціальності;10.11. Спеціальності паросилових установок, газодобувних і компресорних станцій
982;Компресорних станцій (установок);10. Різні спеціальності;10.11. Спеціальності паросилових установок, газодобувних і компресорних станцій
983;Газового аналізу та контролю;10. Різні спеціальності;10.11. Спеціальності паросилових установок, газодобувних і компресорних станцій
992;Спеціалісти секретного документального забезпечення;10. Різні спеціальності;10.12. Спеціальності охорони державної таємниці та захисту інформації
993;Спеціалісти протидії технічним розвідкам;10. Різні спеціальності;10.12. Спеціальності охорони державної таємниці та захисту інформації
994;Спеціалісти надання електронних довірчих послуг;10. Різні спеціальності;10.12. Спеціальності охорони державної таємниці та захисту інформації
997;{Рядок 997 пункту 10.12 виключено на підставі Наказу Міністерства оборони № 380 від 10.06.2025};10. Різні спеціальності;10.12. Спеціальності охорони державної таємниці та захисту інформації
997;Підготовка, ведення та підтримання руху опору;10. Різні спеціальності;10.13. Спеціальності національного спротиву
999;Потребує проходження базової загальновійськової підготовки;10. Різні спеціальності;10.14. Без військової підготовки
