Називний;Знахідний;Орудний;Давальний;Примітка
автопілотник;;автопілотником;автопілотнику;
авіаційний механік;авіаційного механіка;авіаційним механіком;авіаційному механіку;
авіаційний спеціаліст;;авіаційним спеціалістом;авіаційному спеціалісту;
авіаційний технік;;авіаційним техніком;авіаційному техніку;
ад'ютант;;ад'ютантом;ад'ютанту;
акумуляторник;акумуляторника;акумуляторником;акумуляторнику;
апаратник;;апаратником;апаратнику;
арматурник;;арматурником;арматурнику;
артист;артиста;артистом;артисту;
артист вищої категорії;;артистом вищої категорії;артисту вищої категорії;
артист другої категорії;;артистом другої категорії;артисту другої категорії;
артист першої категорії;;артистом першої категорії;артисту першої категорії;
артист-тамбурмажор вищої категорії;;артистом-тамбурмажором вищої категорії;артисту-тамбурмажору вищої категорії;
артист-тамбурмажор другої категорії;;артистом-тамбурмажором другої категорії;артисту-тамбурмажору другої категорії;
артист-тамбурмажор першої категорії;;артистом-тамбурмажором першої категорії;артисту-тамбурмажору першої категорії;
архіваріус;;архіваріусом;архіваріусу;
асистент;;асистентом;асистенту;
асистент фармацевта;;асистентом фармацевта;асистенту фармацевта;
асфальтобетонник;;асфальтобетонником;асфальтобетоннику;
баталер;;баталером;баталеру;
бетоняр;бетоняра;бетонярем;бетоняру;
бетоняр резерву;бетоняра резерву;;бетоняру резерву;
бойовий медик;бойового медика;бойовим медиком;бойовому медику;
бойовий медик взводу;;бойовим медиком взводу;бойовому медику взводу;
бортовий механік-випробувач;;бортовим механіком-випробувачем;бортовому механіку-випробувачу;
бортовий технік;;бортовим техніком;бортовому техніку;
бухгалтер;бухгалтера;бухгалтером;бухгалтеру;
бібліотекар;бібліотекаря;бібліотекаром;бібліотекарю;
вагранник;;вагранником;ваграннику;
викладач;викладача;викладачем;викладачу;
вогнеметник;вогнеметника;вогнеметником;вогнеметнику;
вогнеметник-оператор;вогнеметника-оператора;вогнеметником-оператором;вогнеметнику-оператору;
водолаз;водолаза;водолазом;водолазу;
водолаз-механік;водолаза-механіка;;водолазу-механіку;
водолаз-радист;;водолазом-радистом;водолазу-радисту;
водій;водія;водієм;водію;
водій дрезини;;водієм дрезини;водію дрезини;
водій електровізка;;водієм електровізка;водію електровізка;
водій-акумуляторник;водія-акумуляторника;;водію-акумуляторнику;
водій-дезінфектор;водія-дезінфектора;;водію-дезінфектору;
водій-експедитор;водія-експедитора;;водію-експедитору;
водій-електрик;водія-електрика;водієм-електриком;водію-електрику;
водій-електрик-майстер;;водієм-електриком-майстром;водію-електрику-майстру;
водій-електрик-молодший;;водієм-електриком-молодшим;водію-електрику-молодшому;
водій-електрик-моторист;водія-електрика-моториста;водієм-електриком-мотористом;водію-електрику-мотористу;
водій-електрик-оператор;водія-електрика-оператора;;водію-електрику-оператору;
водій-заправник;водія-заправника;водієм-заправником;водію-заправнику;
водій-заряджаючий;водія-заряджаючого;;водію-заряджаючому;
водій-коваль;водія-коваля;водієм-ковалем;водію-ковалю;
водій-кранівник;водія-кранівника;водієм-кранівником;водію-кранівнику;
водій-кулеметник;;водієм-кулеметником;водію-кулеметнику;
водій-кіномеханік;водія-кіномеханіка;водієм-кіномеханіком;водію-кіномеханіку;
водій-лінійний наглядач;водія-лінійного налядача;водієм-лінійним наглядачем;водію-лінійному наглядачу;
водій-майстер;водія-майстра;водієм-майстром;водію-майстру;
водій-машиніст;водія-машиніста;водієм-машиністом;водію-машиністу;
водій-механік;водія-механіка;водієм-механіком;водію-механіку;
водій-монтажник;водія-монтажника;;водію-монтажнику;
водій-номер;водія-номера;водієм-номером;водію-номеру;
водій-оператор;водія-оператора;водієм-оператором;водію-оператору;
водій-паропровідник;водія-паропровідника;;водію-паропровіднику;
водій-пожежний;водія-пожежного;;водію-пожежному;
водій-помічник;водія-помічника;;водію-помічнику;
водій-понтонер;водія-понтонера;водієм-понтонером;водію-понтонеру;
водій-радіотелефоніст;водія-радіотелефоніста;водієм-радіотелефоністом;водію-радіотелефоністу;
водій-радіотелфоніст;;водієм-радіотелефоністом;водію-радіотелфоністу;
водій-санітар;водія-санітара;водієм-санітаром;водію-санітару;
водій-сапер;водія-сапера;водієм-сапером;водію-саперу;
водій-сапер розмінування;;водієм-сапером розмінування;водію-саперу розмінування;
водій-слюсар;водія-слюсаря;водієм-слюсарем;водію-слюсарю;
водій-спостерігач;;водієм-спостерігачем;водію-спостерігачу;
водій-стрілець;водія-стрільця;водієм-стрільцем;водію-стрільцю;
водій-токар;водія-токаря;;водію-токарю;
водій-фельд'єгер;водія-фельд'єгеря;;водію-фельд'єгерю;
водій-хімік;водія-хіміка;водієм-хіміком;водію-хіміку;
вожатий;вожатого;;вожатому;
вожатий службових собак;;вожатим службових собак;вожатому службових собак;
вулканізаторник;;вулканізаторником;вулканізаторнику;
відповідальний виконавець;відповідального виконавця;відповідальним виконавцем;відповідальному виконавцю;
візирник;;візирником;візирнику;
вістовий;;вістовим;вістовому;
газівник;;газівником;газівнику;
гальванік;;гальваніком;гальваніку;
головний боцман;;головним боцманом;головному боцману;
головний сержант;головного сержанта;головним сержантом;головному сержанту;
головний сержант-командир;головного сержанта-командира;головним сержантом-командиром;головному сержанту-командиру;
головний сержант-командир зенітного ракетного відділення;;головним сержантом-командиром зенітного ракетного відділення;головному сержанту-командиру зенітного ракетного відділення;
головний сержант-начальник;головного сержанта-начальника;;головному сержанту-начальнику;
гранатометник;гранатометника;гранатометником;гранатометнику;
гранатометник-радіотелефоніст;гранатометника-радіотелефоніста;;гранатометнику-радіотелефоністу;
гідроакустик;;гідроакустиком;гідроакустику;
гідрометеоспостерігач;;гідрометеоспостерігачем;гідрометеоспостерігачу;
гіроскопіст;;гіроскопістом;гіроскопісту;
далекомірник;далекомірника;далекомірником;далекомірнику;
далекомірник-номер;далекомірника-номера;;далекомірнику-номеру;
дегазатор;;дегазатором;дегазатору;
дезінфектор;;дезінфектором;дезінфектору;
дефектувальник;;дефектувальником;дефектувальнику;
дешифрувальник;дешифрувальника;дешифрувальником;дешифрувальнику;
дизеліст;;дизелістом;дизелісту;
дизеліст-електрик;;дизелістом-електриком;дизелісту-електрику;
диспетчер;диспетчера;диспетчером;диспетчеру;
диспетчер поїзний;;диспетчером поїзним;диспетчеру поїзному;
днювальний;;днювальним;днювальному;
дозиметрист;;дозиметристом;дозиметристу;
дозувальник;;дозувальником;дозувальнику;
дресирувальник;;дресирувальником;дресирувальнику;
друкар;;друкаром;друкару;
діловод;діловода;діловодом;діловоду;
експедитор;експедитора;експедитором;експедитору;
електрик;електрика;електриком;електрику;
електрик-дизеліст;електрика-дизеліста;електриком-дизелістом;електрику-дизелісту;
електрик-моторист;електрика-моториста;електриком-мотористом;електрику-мотористу;
електрик-слюсар;електрика-слюсаря;;електрику-слюсарю;
електрозварник;електрозварника;електрозварником;електрозварнику;
електрозварник-коваль;електрозварника-коваля;;електрозварнику-ковалю;
електрозварювальник;електрозварювальника;;електрозварювальнику;
електромонтер;;електромонтером;електромонтеру;
заряджаючий;заряджаючого;заряджаючим;заряджаючому;
заступник;заступника;заступником;заступнику;
заступник начальника обслуги;;заступником начальника обслуги;заступнику начальника обслуги;
заступник начальника пункту управління;;заступником начальника пункту управління;заступнику начальника пункту управління;
звукометрист;;звукометристом;звукометристу;
звукометрист-радіотелеграфіст;;звукометристом-радіотелеграфістом;звукометристу-радіотелеграфісту;
звукометрист-радіотелефоніст;звукометриста-радіотелефоніста;;звукометристу-радіотелефоністу;
зовнішній пілот;зовнішнього пілота;зовнішнім пілотом;зовнішньому пілоту;
зуборізальник;;зуборізальником;зуборізальнику;
кабельник;;кабельником;кабельнику;
кабельник-спаювальник;;кабельником-спаювальником;кабельнику-спаювальнику;
каменотес;;каменотесом;каменотесу;
клепальник;клепальника;клепальником;клепальнику;
коваль;;ковалем;ковалю;
кок;;коком;коку;
командир;командира;командиром;командиру;
командир артилерійського катера;;командиром артилерійського катера;командиру артилерійського катера;
командир великого гідрографічного катера;;командиром великого гідрографічного катера;командиру великого гідрографічного катера;
командир взводу;командира взводу;командиром взводу;командиру взводу;
командир взводу-старший;;командиром взводу-старшим;командиру взводу-старшому;
командир гармати;;командиром гармати;командиру гармати;
командир гідрографічного катера;;командиром гідрографічного катера;командиру гідрографічного катера;
командир гірсько-штурмового взводу;командира гірсько-штурмового взводу;;командиру гірсько-штурмового взводу;
командир десантного катера;;командиром десантного катера;командиру десантного катера;
командир дослідного катера;;командиром дослідного катера;командиру дослідного катера;
командир зенітної ракетної самохідної установки;;командиром зенітної ракетної самохідної установки;командиру зенітної ракетної самохідної установки;
командир зенітної самохідної установки;;командиром зенітної самохідної установки;командиру зенітної самохідної установки;
командир катера зв'язку;;командиром катера зв'язку;командиру катера зв'язку;
командир катера-водія мішені;;командиром катера-водія мішені;командиру катера-водія мішені;
командир катера-мішені;;командиром катера-мішені;командиру катера-мішені;
командир катера-торпедолова;;командиром катера-торпедолова;командиру катера-торпедолова;
командир малого гідрографічного катера;;командиром малого гідрографічного катера;командиру малого гідрографічного катера;
командир механізованого;командира механізованого;командиром механізованого;командиру механізованого;
командир морського буксира;;командиром морського буксира;командиру морського буксира;
командир морського водолазного судна;;командиром морського водолазного судна;командиру морського водолазного судна;
командир морського катера;;командиром морського катера;командиру морського катера;
командир міномета;;командиром міномета;командиру міномета;
командир навчально-тренувального судна;;командиром навчально-тренувального судна;командиру навчально-тренувального судна;
командир навчального катера;;командиром навчального катера;командиру навчального катера;
командир нейтралізуючої машини;;командиром нейтралізуючої машини;командиру нейтралізуючої машини;
командир плавучого складу;;командиром плавучого складу;командиру плавучого складу;
командир плавучої казарми;;командиром плавучої казарми;командиру плавучої казарми;
командир протидиверсійного катера;;командиром протидиверсійного катера;командиру протидиверсійного катера;
командир протипожежного катера;;командиром протипожежного катера;командиру протипожежного катера;
командир протичовнового катера;;командиром протичовнового катера;командиру протичовнового катера;
командир підводного розвідника;;командиром підводного розвідника;командиру підводного розвідника;
командир ракетного катера;;командиром ракетного катера;командиру ракетного катера;
командир рейдового буксира;;командиром рейдового буксира;командиру рейдового буксира;
командир рейдового водолазного катера;;командиром рейдового водолазного катера;командиру рейдового водолазного катера;
командир рейдового катера-заправника;;командиром рейдового катера-заправника;командиру рейдового катера-заправника;
командир рейдового робочого катера;;командиром рейдового робочого катера;командиру рейдового робочого катера;
командир рейдового санітарного катера;;командиром рейдового санітарного катера;командиру рейдового санітарного катера;
командир розвідувального;командира розвідувального;командиром розвідувального;командиру розвідувального;
командир рятувального судна;;командиром рятувального судна;командиру рятувального судна;
командир самохідної артилерійської установки;;командиром самохідної артилерійської установки;командиру самохідної артилерійської установки;
командир станкового гранатомета;;командиром станкового гранатомета;командиру станкового гранатомета;
командир сторожового катера;;командиром сторожового катера;командиру сторожового катера;
командир судна зв'язку;;командиром судна зв'язку;командиру судна зв'язку;
командир такелажного відділення;командиром такелажного відділення;командиром такелажного відділення;командиру такелажного відділення;
командир танка;;командиром танка;командиру танка;
командир танкера;;командиром танкера;командиру танкера;
командир танкового;командира танкового;командиром танкового;командиру танкового;
командир торпедного катера;;командиром торпедного катера;командиру торпедного катера;
командир транспортно-зарядної машини;;командиром транспортно-зарядної машини;командиру транспортно-зарядної машини;
командир установки;;командиром установки;командиру установки;
команир;командира;;команиру;
комендант;коменданта;комендантом;коменданту;
комендант споруд;;комендантом спорудом;коменданту споруд;
комендор;;комендором;комендору;
комплектувальник;;комплектувальником;комплектувальнику;
комірник;комірника;комірником;комірнику;
контролер;контролера;контролером;контролеру;
копрівник;;копрівником;копрівнику;
коректор;;коректором;коректору;
кореспондент;;кореспондентом;кореспонденту;
кочегар;кочегара;кочегаром;кочегару;
кравець;кравця;кравцем;кравцю;
кранівник;;кранівником;кранівнику;
кресляр;;кресляром;кресляру;
кріпильник;;кріпильником;кріпильнику;
кулеметник;кулеметника;кулеметником;кулеметнику;
кулеметник-номер;кулеметника-номера;;кулеметнику-номеру;
кулеметник-розвідник;кулеметника-розвідника;кулеметником-розвідником;кулеметнику-розвіднику;
кулеметник-сапер;;кулеметником-сапером;кулеметнику-саперу;
курсант;курсанта;курсантом;курсанту;
кухар;кухаря;кухарем;кухарю;
кіномеханік;;кіномеханіком;кіномеханіку;
лаборант;лаборанта;;лаборанту;
лаборант-такелажник;лаборанта-такелажника;;лаборанту-такелажнику;
ливарник;;ливарником;ливарнику;
лудильник;;лудильником;лудильнику;
лінотипіст;;лінотипістом;лінотипісту;
лінійний наглядач;лінійного наглядача;лінійним наглядачем;лінійному наглядачу;
майстер;майстра;майстром;майстру;
майстер-акумуляторник;майстра-акумуляторника;;майстру-акумуляторнику;
майстер-електрик;;майстром-електриком;майстру-електрику;
майстер-номер;майстра-номера;майстром-номером;майстру-номеру;
майстер-помічник;майстра-помічника;;майстру-помічнику;
маляр;маляра;маляром;маляру;
марксмен;марксмена;марксменом;марксмену;
марсовий;;марсовим;марсовому;
маскувальник;маскувальника;маскувальником;маскувальнику;
машиніст;машиніста;машиністом;машиністу;
машиніст автогрейдера;;машиністом автогрейдера;машиністу автогрейдера;
машиніст бульдозера;;машиністом бульдозера;машиністу бульдозера;
машиніст бурової установки;;машиністом бурової установки;машиністу бурової установки;
машиніст екскаватора;;машиністом екскаватора;машиністу екскаватора;
машиніст заправної машини;;машиністом заправної машини;машиністу заправної машини;
машиніст компресора;;машиністом компресора;машиністу компресора;
машиніст паровоза;;машиністом паровоза;машиністу паровоза;
машиніст скрепера;;машиністом скрепера;машиністу скрепера;
машиніст тепловоза;;машиністом тепловоза;машиністу тепловоза;
машиніст-екскаватора;;машиністом-екскаватора;машиністу-екскаватора;
медична сестра;медичну сестру;медичною сестрою;медичній сестрі;
метеоролог;;метеорологом;метеорологу;
метеоспостерігач;;метеоспостерігачем;метеоспостерігачу;
механік;механіка;механіком;механіку;
механік-водій;механіка-водія;механіком-водієм;механіку-водію;
механік-водій-електрик;механіка-водія-електрика;механіком-водієм-електриком;механіку-водію-електрику;
механік-водій-кранівник;механіка-водія-кранівника;механіком-водієм-кранівником;механіку-водію-кранівнику;
механік-водій-оператор;механіка-водія-оператора;механіком-водієм-оператором;механіку-водію-оператору;
механік-водій-радист;механіка-водія-радиста;;механіку-водію-радисту;
механік-водій-санітар;;механіком-водієм-санітаром;механіку-водію-санітару;
механік-гранатометник;механіка-гранатометника;;механіку-гранатометнику;
механік-електрик;механіка-електрика;;механіку-електрику;
механік-електрозварник;механіка-електрозварника;;механіку-електрозварнику;
механік-кулеметник;механіка-кулеметника;;механіку-кулеметнику;
механік-оператор;механіка-оператора;механіком-оператором;механіку-оператору;
механік-помічник;механіка-помічника;;механіку-помічнику;
механік-радіотелеграфіст;механіка-радіотелеграфіста;;механіку-радіотелеграфісту;
механік-радіотелефоніст;механіка-радіотелефоніста;;механіку-радіотелефоністу;
механік-слюсар;механіка-слюсаря;;механіку-слюсарю;
механік-телефоніст;механіка-телефоніста;механіком-телефоністом;механіку-телефоністу;
молодший геодезист;молодшого геодезиста;молодшим геодезистом;молодшому геодезисту;
молодший картограф;;молодшим картографом;молодшому картографу;
молодший спеціаліст;;молодшим спеціалістом;молодшому спеціалісту;
молодший топограф;;молодшим топографом;молодшому топографу;
монтажник;монтажника;монтажником;монтажнику;
монтер;монтера;;монтеру;
монтер колій;;монтером колієм;монтеру колій;
моторист;моториста;мотористом;мотористу;
моторист-дизеліст;моториста-дизеліста;;мотористу-дизелісту;
музикант;музиканта;музикантом;музиканту;
муляр;;муляром;муляру;
мідник;мідника;мідником;міднику;
мінер;;мінером;мінеру;
мінометник;;мінометником;мінометнику;
мірошник;;мірошником;мірошнику;
навідник;навідника;навідником;навіднику;
навідник-номер;навідника-номера;навідником-номером;навіднику-номеру;
навідник-оператор;навідника-оператора;навідником-оператором;навіднику-оператору;
навідник-топогеодезист;навідника-топогеодезиста;;навіднику-топогеодезисту;
наладник поліграфічного устаткування;;наладником поліграфічного устаткування;наладнику поліграфічного устаткування;
наладчик;;наладчиком;наладчику;
нарядник;;нарядником;наряднику;
начальник;начальника;начальником;начальнику;
начальник аварійно-рятувальної станції;;начальником аварійно-рятувальної станції;начальнику аварійно-рятувальної станції;
начальник автодрому;;начальником автодрому;начальнику автодрому;
начальник автоматичної телефонної станції;;начальником автоматичної телефонної станції;начальнику автоматичної телефонної станції;
начальник автомобільної колони;;начальником автомобільної колони;начальнику автомобільної колони;
начальник адміністративно-господарчої частини;;начальником адміністративно-господарчої частини;начальнику адміністративно-господарчої частини;
начальник акумуляторно-генераторної станції;;начальником акумуляторно-генераторної станції;начальнику акумуляторно-генераторної станції;
начальник акустичного поста;;начальником акустичного поста;начальнику акустичного поста;
начальник апаратної;;начальником апаратної;начальнику апаратної;
начальник балістичної станції;;начальником балістичної станції;начальнику балістичної станції;
начальник бурової установки;;начальником бурової установки;начальнику бурової установки;
начальник бібліотеки;;начальником бібліотеки;начальнику бібліотеки;
начальник вагона поштового;;начальником вагона поштового;начальнику вагона поштового;
начальник варти;;начальником варти;начальнику варти;
начальник ветеринарного пункту;;начальником ветеринарного пункту;начальнику ветеринарного пункту;
начальник водолазного поста;;начальником водолазного поста;начальнику водолазного поста;
начальник водолазної станції;;начальником водолазної станції;начальнику водолазної станції;
начальник вузла зв'язку;;начальником вузла зв'язку;начальнику вузла зв'язку;
начальник вузла радіоперехоплення;;начальником вузла радіоперехоплення;начальнику вузла радіоперехоплення;
начальник віварію;;начальником віварію;начальнику віварію;
начальник відділення зберігання;;начальником відділення зберігання;начальнику відділення зберігання;
начальник відділення хлібовипікання;;начальником відділення хлібовипікання;начальнику відділення хлібовипікання;
начальник газодобувної станції;;начальником газодобувної станції;начальнику газодобувної станції;
начальник газозарядної станції;;начальником газозарядної станції;начальнику газозарядної станції;
начальник гаража;;начальником гаража;начальнику гаража;
начальник гауптвахти;;начальником гауптвахти;начальнику гауптвахти;
начальник гелієво-кисневої станції;;начальником гелієво-кисневої станції;начальнику гелієво-кисневої станції;
начальник господарчої частини;;начальником господарчої частини;начальнику господарчої частини;
начальник готелю;;начальником готелю;начальнику готелю;
начальник групи;;начальником групи;начальнику групи;
начальник гуртожитку;;начальником гуртожитку;начальнику гуртожитку;
начальник гідроакустичного поста;;начальником гідроакустичного поста;начальнику гідроакустичного поста;
начальник гідроакустичної станції;;начальником гідроакустичної станції;начальнику гідроакустичної станції;
начальник директриси;;начальником директриси;начальнику директриси;
начальник диспетчерського пункту;;начальником диспетчерського пункту;начальнику диспетчерського пункту;
начальник диспетчерської служби;;начальником диспетчерської служби;начальнику диспетчерської служби;
начальник друкарні;;начальником друкарні;начальнику друкарні;
начальник дільниці;;начальником дільниці;начальнику дільниці;
начальник експедиції;;начальником експедиції;начальнику експедиції;
начальник елінгу;;начальником елінгу;начальнику елінгу;
начальник зарядно-акумуляторної станції;;начальником зарядно-акумуляторної станції;начальнику зарядно-акумуляторної станції;
начальник звукозаписувальної станції;;начальником звукозаписувальної станції;начальнику звукозаписувальної станції;
начальник звукометричного поста;;начальником звукометричного поста;начальнику звукометричного поста;
начальник звукомовної станції;;начальником звукомовної станції;начальнику звукомовної станції;
начальник зміни;;начальником зміни;начальнику зміни;
начальник кабельної експлуатаційної машини;;начальником кабельної експлуатаційної машини;начальнику кабельної експлуатаційної машини;
начальник кабельної мережі;;начальником кабельної мережі;начальнику кабельної мережі;
начальник кабінету;;начальником кабінету;начальнику кабінету;
начальник квартирно-експлуатаційної частини;;начальником квартирно-експлуатаційної частини;начальнику квартирно-експлуатаційної частини;
начальник киснедобувної станції;;начальником киснедобувної станції;начальнику киснедобувної станції;
начальник киснезарядної станції;;начальником киснезарядної станції;начальнику киснезарядної станції;
начальник клубу;;начальником клубу;начальнику клубу;
начальник команди;;начальником команди;начальнику команди;
начальник команди плавзасобів;;начальником команди плавзасобів;начальнику команди плавзасобів;
начальник комплексу;;начальником комплексу;начальнику комплексу;
начальник компресорної станції;;начальником компресорної станції;начальнику компресорної станції;
начальник контрольно-випробного пункту;;начальником контрольно-випробного пункту;начальнику контрольно-випробного пункту;
начальник контрольно-випробної станції;;начальником контрольно-випробної станції;начальнику контрольно-випробної станції;
начальник контрольно-пропускного пункту;;начальником контрольно-пропускного пункту;начальнику контрольно-пропускного пункту;
начальник контрольно-регулюючої станції;;начальником контрольно-регулюючої станції;начальнику контрольно-регулюючої станції;
начальник контрольно-технічного пункту;;начальником контрольно-технічного пункту;начальнику контрольно-технічного пункту;
начальник котельної;;начальником котельної;начальнику котельної;
начальник кінопункту;;начальником кінопункту;начальнику кінопункту;
начальник кінофототеодолітного поста;;начальником кінофототеодолітного поста;начальнику кінофототеодолітного поста;
начальник кінофототеодолітної станції;;начальником кінофототеодолітної станції;начальнику кінофототеодолітної станції;
начальник лабораторії;;начальником лабораторії;начальнику лабораторії;
начальник лазне-прального дезінфекційного пункту;;начальником лазне-прального дезінфекційного пункту;начальнику лазне-прального дезінфекційного пункту;
начальник лазне-прального комбінату;;начальником лазне-прального комбінату;начальнику лазне-прального комбінату;
начальник лазневого загону;;начальником лазневого загону;начальнику лазневого загону;
начальник лазні;;начальником лазні;начальнику лазні;
начальник майстерні технічного обслуговування;;начальником майстерні технічного обслуговування;начальнику майстерні технічного обслуговування;
начальник медичного пункту;;начальником медичного пункту;начальнику медичного пункту;
начальник метеорологічного поста;;начальником метеорологічного поста;начальнику метеорологічного поста;
начальник метеорологічної станції;;начальником метеорологічної станції;начальнику метеорологічної станції;
начальник млинарської установки;;начальником млинарської установки;начальнику млинарської установки;
начальник міжміської телефонної станції;;начальником міжміської телефонної станції;начальнику міжміської телефонної станції;
начальник навчального класу;;начальником навчального класу;начальнику навчального класу;
начальник навчального тактичного поля;;начальником навчального тактичного поля;начальнику навчального тактичного поля;
начальник наземного запитувача;;начальником наземного запитувача;начальнику наземного запитувача;
начальник насосної станції;;начальником насосної станції;начальнику насосної станції;
начальник обмінного пункту;;начальником обмінного пункту;начальнику обмінного пункту;
начальник обслуги;;начальником обслуги;начальнику обслуги;
начальник опріснювальної станції;;начальником опріснювальної станції;начальнику опріснювальної станції;
начальник парашутної сушарні;;начальником парашутної сушарні;начальнику парашутної сушарні;
начальник пеленгаторного поста;;начальником пеленгаторного поста;начальнику пеленгаторного поста;
начальник пеленгаторної станції;;начальником пеленгаторної станції;начальнику пеленгаторної станції;
начальник передавального радіовузла;;начальником передавального радіовузла;начальнику передавального радіовузла;
начальник передавального радіопункту;;начальником передавального радіопункту;начальнику передавального радіопункту;
начальник передавального радіоцентру;;начальником передавального радіоцентру;начальнику передавального радіоцентру;
начальник пересувного вузла зв'язку;;начальником пересувного вузла зв'язку;начальнику пересувного вузла зв'язку;
начальник плавучої майстерні;;начальником плавучої майстерні;начальнику плавучої майстерні;
начальник пожежного нагляду;;начальником пожежного нагляду;начальнику пожежного нагляду;
начальник пожежної обслуги;;начальником пожежної обслуги;начальнику пожежної обслуги;
начальник полігона;;начальником полігона;начальнику полігона;
начальник посадочного прожектора;;начальником посадочного прожектора;начальнику посадочного прожектора;
начальник поста збору та оброблення інформації;;начальником поста збору та оброблення інформації;начальнику поста збору та оброблення інформації;
начальник поста охорони та оборони;;начальником поста охорони та оборони;начальнику поста охорони та оборони;
начальник поста регулювання руху;;начальником поста регулювання руху;начальнику поста регулювання руху;
начальник пральні;;начальником пральні;начальнику пральні;
начальник привідної радіостанції;;начальником привідної радіостанції;начальнику привідної радіостанції;
начальник приймально-пеленгаторної станції;;начальником приймально-пеленгаторної станції;начальнику приймально-пеленгаторної станції;
начальник приймально-пеленгаторної установки;;начальником приймально-пеленгаторної установки;начальнику приймально-пеленгаторної установки;
начальник приймального радіовузла;;начальником приймального радіовузла;начальнику приймального радіовузла;
начальник приймального радіопункту;;начальником приймального радіопункту;начальнику приймального радіопункту;
начальник приймального радіоцентру;;начальником приймального радіоцентру;начальнику приймального радіоцентру;
начальник приймальної машини;;начальником приймальної машини;начальнику приймальної машини;
начальник пристрілочної станції;;начальником пристрілочної станції;начальнику пристрілочної станції;
начальник продовольчого пункту;;начальником продовольчого пункту;начальнику продовольчого пункту;
начальник продовольчого складу;начальником продовольчого складу;начальником продовольчого складу;начальнику продовольчого складу;
начальник прожекторного пункту;;начальником прожекторного пункту;начальнику прожекторного пункту;
начальник прожекторної станції;;начальником прожекторної станції;начальнику прожекторної станції;
начальник пункту високочастотного зв'язку;;начальником пункту високочастотного зв'язку;начальнику пункту високочастотного зв'язку;
начальник пункту дегазації;;начальником пункту дегазації;начальнику пункту дегазації;
начальник пункту радіотехнічного контролю;;начальником пункту радіотехнічного контролю;начальнику пункту радіотехнічного контролю;
начальник пункту спеціальної обробки;;начальником пункту спеціальної обробки;начальнику пункту спеціальної обробки;
начальник пункту технічного обслуговування;;начальником пункту технічного обслуговування;начальнику пункту технічного обслуговування;
начальник підйомно-стикового агрегату;;начальником підйомно-стикового агрегату;начальнику підйомно-стикового агрегату;
начальник підсилювального пункту;;начальником підсилювального пункту;начальнику підсилювального пункту;
начальник радіобюро;;начальником радіобюро;начальнику радіобюро;
начальник радіовисотоміра;;начальником радіовисотоміра;начальнику радіовисотоміра;
начальник радіовузла;;начальником радіовузла;начальнику радіовузла;
начальник радіодалекоміра;;начальником радіодалекоміра;начальнику радіодалекоміра;
начальник радіолокаційного поста;;начальником радіолокаційного поста;начальнику радіолокаційного поста;
начальник радіолокаційної станції;;начальником радіолокаційної станції;начальнику радіолокаційної станції;
начальник радіомаркерного поста;;начальником радіомаркерного поста;начальнику радіомаркерного поста;
начальник радіомаркерного пункту;;начальником радіомаркерного пункту;начальнику радіомаркерного пункту;
начальник радіомаяка;;начальником радіомаяка;начальнику радіомаяка;
начальник радіометричного поста;;начальником радіометричного поста;начальнику радіометричного поста;
начальник радіометричної станції;;начальником радіометричної станції;начальнику радіометричної станції;
начальник радіопеленгатора;;начальником радіопеленгатора;начальнику радіопеленгатора;
начальник радіопеленгувального пункту;;начальником радіопеленгувального пункту;начальнику радіопеленгувального пункту;
начальник радіотелеграфного пункту;;начальником радіотелеграфного пункту;начальнику радіотелеграфного пункту;
начальник радіотехнічного поста;;начальником радіотехнічного поста;начальнику радіотехнічного поста;
начальник речового складу;;начальником речового складу;начальнику речового складу;
начальник розвідувального пункту;;начальником розвідувального пункту;начальнику розвідувального пункту;
начальник розплідника;;начальником розплідника;начальнику розплідника;
начальник світлообладнання;;начальником світлообладнання;начальнику світлообладнання;
начальник секретної бібліотеки;;начальником секретної бібліотеки;начальнику секретної бібліотеки;
начальник сигнального поста;;начальником сигнального поста;начальнику сигнального поста;
начальник складу;;начальником складу;начальнику складу;
начальник служби;;начальником служби;начальнику служби;
начальник слюсарно-механічної групи;;начальником слюсарно-механічної групи;начальнику слюсарно-механічної групи;
начальник спортивної бази;;начальником спортивної бази;начальнику спортивної бази;
начальник станції гучномовного зв'язку;;начальником станції гучномовного зв'язку;начальнику станції гучномовного зв'язку;
начальник станції дегазації;;начальником станції дегазації;начальнику станції дегазації;
начальник станції посадки літаків;;начальником станції посадки літаків;начальнику станції посадки літаків;
начальник станції радіорозвідки;;начальником станції радіорозвідки;начальнику станції радіорозвідки;
начальник станції регенерації;;начальником станції регенерації;начальнику станції регенерації;
начальник станції системи єдиного часу;;начальником станції системи єдиного часу;начальнику станції системи єдиного часу;
начальник станції технічного контролю;;начальником станції технічного контролю;начальнику станції технічного контролю;
начальник стрільбища;;начальником стрільбища;начальнику стрільбища;
начальник сховища;;начальником сховища;начальнику сховища;
начальник тактичної системи радіорозвідки та пеленгування;;начальником тактичної системи радіорозвідки та пеленгування;начальнику тактичної системи радіорозвідки та пеленгування;
начальник танкодрому;;начальником танкодрому;начальнику танкодрому;
начальник телеграфної станції;;начальником телеграфної станції;начальнику телеграфної станції;
начальник телеметричного поста;;начальником телеметричного поста;начальнику телеметричного поста;
начальник телеметричної станції;;начальником телеметричної станції;начальнику телеметричної станції;
начальник телефонної станції;;начальником телефонної станції;начальнику телефонної станції;
начальник теплопеленгувальної станції;;начальником теплопеленгувальної станції;начальнику теплопеленгувальної станції;
начальник тиру;;начальником тиру;начальнику тиру;
начальник трансформаторної підстанції;;начальником трансформаторної підстанції;начальнику трансформаторної підстанції;
начальник тренажера;;начальником тренажера;начальнику тренажера;
начальник тропосферної станції;;начальником тропосферної станції;начальнику тропосферної станції;
начальник фототелеграфної станції;;начальником фототелеграфної станції;начальнику фототелеграфної станції;
начальник фільмотеки;;начальником фільмотеки;начальнику фільмотеки;
начальник фільтровентиляційної станції;;начальником фільтровентиляційної станції;начальнику фільтровентиляційної станції;
начальник фільтрувальної станції;;начальником фільтрувальної станції;начальнику фільтрувальної станції;
начальник хлібопекарні;;начальником хлібопекарні;начальнику хлібопекарні;
начальник холодильника;;начальником холодильника;начальнику холодильника;
начальник холодильної установки;;начальником холодильної установки;начальнику холодильної установки;
начальник щитової станції;;начальником щитової станції;начальнику щитової станції;
начальник інформаційного поста;;начальником інформаційного поста;начальнику інформаційного поста;
номер;номера;номером;номеру;
номер обслуги;;номером обслуги;номеру обслуги;
нормувальник;;нормувальником;нормувальнику;
оббивальник;оббивальника;оббивальником;оббивальнику;
обмотувальник;;обмотувальником;обмотувальнику;
обчислювач;;обчислювачем;обчислювачу;
оглядач;;оглядачем;оглядачу;
оксидувальник;;оксидувальником;оксидувальнику;
оператор;оператора;оператором;оператору;
оператор-гранатометник;оператора-гранатометника;;оператору-гранатометнику;
оператор-експедитор;оператора-експедитора;;оператору-експедитору;
оператор-електрик;оператора-електрика;оператором-електриком;оператору-електрику;
оператор-кулеметник;оператора-кулеметника;;оператору-кулеметнику;
оператор-лінійний наглядач;оператора-лінійного наглядача;;оператору-лінійному наглядачу;
оператор-механік;оператора-механіка;;оператору-механіку;
оператор-номер;оператора-номера;;оператору-номеру;
оператор-обчислювач;оператора-обчислювача;;оператору-обчислювачу;
оператор-планшетист;оператора-планшетиста;;оператору-планшетисту;
оператор-радіотелеграфіст;оператора-радіотелеграфіста;;оператору-радіотелеграфісту;
оператор-радіотелефоніст;оператора-радіотелефоніста;оператором-радіотелефоністом;оператору-радіотелефоністу;
оператор-розвідник;оператора-розвідника;оператором-розвідником;оператору-розвіднику;
оператор-сапер;;оператором-сапером;оператору-саперу;
оператор-топогеодезист;оператора-топогеодезиста;оператором-топогеодезистом;оператору-топогеодезисту;
оператор-фотограмметрист;оператора-фотограмметриста;оператором-фотограмметристом;оператору-фотограмметристу;
оператора-лінійний наглядач;оператора-лінійного наглядача;;операторі-лінійному наглядачу;
оптик;;оптиком;оптику;
офіцер;;офіцером;офіцеру;
офіцер резерву;офіцера резерву;офіцером резерву;офіцеру резерву;
палітурник;;палітурником;палітурнику;
паркетник;;паркетником;паркетнику;
паропровідник;;паропровідником;паропровіднику;
паропровідник-кочегар;паропровідника-кочегара;паропровідником-кочегаром;паропровіднику-кочегару;
парусник;;парусником;паруснику;
пекар;пекаря;пекаром;пекарю;
перекладач;;перекладачем;перекладачу;
перукар;;перукаром;перукару;
пилостав;;пилоставом;пилоставу;
пиляр;пиляра;пиляром;пиляру;
пиляр-маскувальник;пиляра-маскувальника;;пиляру-маскувальнику;
планшетист;;планшетистом;планшетисту;
повітряний радист;;повітряним радистом;повітряному радисту;
повітряний стрілець;;повітряним стрілецем;повітряному стрільцю;
пожежний;пожежного;пожежним;пожежному;
пожежний-респіраторник;;пожежним-респіраторником;пожежному-респіраторнику;
пожежник;;пожежником;пожежнику;
покрівельник;;покрівельником;покрівельнику;
полірувальник;;полірувальником;полірувальнику;
помічник;помічника;помічником;помічнику;
помічник водія дрезини;;помічником водія дрезини;помічнику водія дрезини;
помічник військового капелана;;помічником військового капелана;помічнику військового капелана;
помічник гранатометника;;помічником гранатометника;помічнику гранатометника;
помічник командира артилерійського катера;;помічником командира артилерійського катера;помічнику командира артилерійського катера;
помічник командира десантного катера;;помічником командира десантного катера;помічнику командира десантного катера;
помічник командира протичовнового катера;;помічником командира протичовнового катера;помічнику командира протичовнового катера;
помічник командира ракетного катера;;помічником командира ракетного катера;помічнику командира ракетного катера;
помічник командира торпедного катера;;помічником командира торпедного катера;помічнику командира торпедного катера;
помічник коменданта;;помічником коменданта;помічнику коменданта;
помічник машиніста тепловоза;;помічником машиніста тепловоза;помічнику машиніста тепловоза;
помічник начальника автодрому;;помічником начальника автодрому;помічнику начальника автодрому;
помічник начальника варти;;помічником начальника варти;помічнику начальника варти;
помічник начальника відділення;;помічником начальника відділення;помічнику начальника відділення;
помічник начальника відділу;;помічником начальника відділу;помічнику начальника відділу;
помічник начальника господарчої частини;;помічником начальника господарчої частини;помічнику начальника господарчої частини;
помічник начальника групи;;помічником начальника групи;помічнику начальника групи;
помічник начальника залізничної станції;;помічником начальника залізничної станції;помічнику начальника залізничної станції;
помічник начальника пункту;;помічником начальника пункту;помічнику начальника пункту;
помічник начальника радіолокаційної станції;;помічником начальника радіолокаційної станції;помічнику начальника радіолокаційної станції;
помічник начальника служби;;помічником начальника служби;помічнику начальника служби;
помічник начальника станції посадки літаків;;помічником начальника станції посадки літаків;помічнику начальника станції посадки літаків;
помічник начальника станції фельд'єгерсько-поштового зв'язку;;помічником начальника станції фельд'єгерсько-поштового зв'язку;помічнику начальника станції фельд'єгерсько-поштового зв'язку;
помічник начальника технічної частини;;помічником начальника технічної частини;помічнику начальника технічної частини;
понтонер;понтонера;понтонером;понтонеру;
пошуковець;;пошуковцем;пошуковцю;
прийомоздавальник вантажу та багажу;;прийомоздавальником вантажу та багажу;прийомоздавальнику вантажу та багажу;
приладник;;приладником;приладнику;
провідний бухгалтер;провідного бухгалтера;провідним бухгалтером;провідному бухгалтеру;
прожекторист;;прожектористом;прожектористу;
прокатник;;прокатником;прокатнику;
піскоструминник;;піскоструминником;піскоструминнику;
пічник;;пічником;пічнику;
радист;;радистом;радисту;
радист-кодувальник;;радистом-кодувальником;радисту-кодувальнику;
радіозондист;;радіозондистом;радіозондисту;
радіометрист;;радіометристом;радіометристу;
радіомінер;радіомінера;радіомінером;радіомінеру;
радіотелеграфіст;радіотелеграфіста;радіотелеграфістом;радіотелеграфісту;
радіотелефоніст;радіотелефоніста;радіотелефоністом;радіотелефоністу;
радіотелефоніст-електрик;радіотелефоніста-електрика;радіотелефоністом-електриком;радіотелефоністу-електрику;
радіотелефоніст-лінійний наглядач;радіотелефоніста-лінійного наглядача;радіотелефоністом-лінійним наглядачем;радіотелефоністу-лінійному наглядачу;
радіотелефоніст-планшетист;радіотелефоніста-планшетиста;;радіотелефоністу-планшетисту;
рамник;;рамником;рамнику;
регулювальник;;регулювальником;регулювальнику;
рекрутер;рекрутера;рекрутером;рекрутеру;
рентгенолаборант;;рентгенолаборантом;рентгенолаборанту;
рентгенотехнік;;рентгенотехніком;рентгенотехніку;
ретушер;;ретушером;ретушеру;
робітник підсобний;робітника підсобного;робітником підсобним;робітнику підсобному;
розвідник;розвідника;розвідником;розвіднику;
розвідник-водолаз;;розвідником-водолазом;розвіднику-водолазу;
розвідник-далекомірник;розвідника-далекомірника;розвідником-далекомірником;розвіднику-далекомірнику;
розвідник-кулеметник;розвідника-кулеметника;розвідником-кулеметником;розвіднику-кулеметнику;
розвідник-мінер;розвідника-мінера;;розвіднику-мінеру;
розвідник-навідник;;розвідником-навідником;розвіднику-навіднику;
розвідник-номер;розвідника-номера;розвідником-номером;розвіднику-номеру;
розвідник-оператор;розвідника-оператора;розвідником-оператором;розвіднику-оператору;
розвідник-помічник;;розвідником-помічником;розвіднику-помічнику;
розвідник-радист;розвідника-радиста;;розвіднику-радисту;
розвідник-радіотелефоніст;розвідника-радіотелефоніста;розвідником-радіотелефоністом;розвіднику-радіотелефоністу;
розвідник-санітар;розвідника-санітара;розвідником-санітаром;розвіднику-санітару;
розвідник-сапер;розвідника-сапера;розвідником-сапером;розвіднику-саперу;
розвідник-інструктор;;розвідником-інструктором;розвіднику-інструктору;
рульовий;;рульовим;рульовому;
рульовий-сигнальник;;рульовим-сигнальником;рульовому-сигнальнику;
рятувальник;рятувальника;рятувальником;рятувальнику;
санітар;санітара;санітаром;санітару;
санітар-радіотелефоніст;санітара-радіотелефоніста;;санітару-радіотелефоністу;
санітарний інструктор;санітарного інструктора;санітарним інструктором;санітарному інструктору;
санітарний інструктор-дезінфектор;санітарного інструктора-дезінфектора;санітарним інструктором-дезінфектором;санітарному інструктору-дезінфектору;
санітарний інструктор-дозиметрист;;санітарним інструктором-дозиметристом;санітарному інструктору-дозиметристу;
санітарний інструктор-радіотелефоніст;санітарного інструктора-радіотелефоніста;;санітарному інструктору-радіотелефоністу;
сапер;сапера;сапером;саперу;
сапер розмінування;;сапером розмінування;саперу розмінування;
сапер-електрик;сапера-електрика;;саперу-електрику;
сапер-кулеметник;сапера-кулеметника;;саперу-кулеметнику;
сапер-радіотелефоніст;сапера-радіотелефоніста;;саперу-радіотелефоністу;
сапер-розвідник;сапера-розвідника;;саперу-розвіднику;
сапер-санітар;;сапером-санітаром;саперу-санітару;
свердлувальник;;свердлувальником;свердлувальнику;
сержант;сержанта;сержантом;сержанту;
сержант резерву;сержанта резерву;сержантом резерву;сержанту резерву;
сержант-менеджер;сержанта-менеджера;сержантом-менеджером;сержанту-менеджеру;
сержант-менеджер 3 категорії;;сержантом-менеджером 3 категорії;сержанту-менеджеру 3 категорії;
сержант-інструктор;сержанта-інструктора;сержантом-інструктором;сержанту-інструктору;
сигнальник;;сигнальником;сигнальнику;
складальник;;складальником;складальнику;
складач поїздів;;складачем поїздів;складачу поїздів;
скляр;;скляром;скляру;
слухач курсів;;слухачем курсів;слухачу курсів;
слюсар;слюсаря;слюсарем;слюсарю;
слюсар-водій;слюсаря-водія;;слюсарю-водію;
слюсар-муляр;слюсаря-муляра;;слюсарю-муляру;
снайпер;снайпера;снайпером;снайперу;
солдат;;солдатом;солдату;
солдат резерву;солдата резерву;солдатом резерву;солдату резерву;
солдат-фотограф;солдата-фотографа;;солдату-фотографу;
сортувальник;;сортувальником;сортувальнику;
спеціаліст;;спеціалістом;спеціалісту;
спеціаліст-оператор;спеціаліста-оператора;спеціалістом-оператором;спеціалісту-оператору;
спортсмен;;спортсменом;спортсмену;
спортсмен-стажер;;спортсменом-стажером;спортсмену-стажеру;
спортсмен-інструктор;;спортсменом-інструктором;спортсмену-інструктору;
спостерігач;спостерігача;спостерігачем;спостерігачу;
стартер-фінішер;;стартером-фінішером;стартеру-фінішеру;
старша медична;старшу медичну;старшою медичною;старші медична;
старший автопілотник;;старшим автопілотником;старшому автопілотнику;
старший авіаційний механік;;старшим авіаційним механіком;старшому авіаційному механіку;
старший акумуляторник;старшого акумуляторника;старшим акумуляторником;старшому акумуляторнику;
старший апаратник;;старшим апаратником;старшому апаратнику;
старший арматурник;;старшим арматурником;старшому арматурнику;
старший асфальтобетонник;;старшим асфальтобетонником;старшому асфальтобетоннику;
старший баталер;;старшим баталером;старшому баталеру;
старший бетоняр;;старшим бетоняром;старшому бетоняру;
старший бойовий;старшого бойового;старшим бойовим;старшому бойовому;
старший бойовий медик;старшого бойового медика;старшим бойовим медиком;старшому бойовому медику;
старший бортовий механік-випробувач;;старшим бортовим механіком-випробувачем;старшому бортовому механіку-випробувачу;
старший бібліотекар;;старшим бібліотекаром;старшому бібліотекарю;
старший вагар;;старшим вагаром;старшому вагару;
старший вогнеметник;старшого вогнеметника;старшим вогнеметником;старшому вогнеметнику;
старший водолаз;;старшим водолазом;старшому водолазу;
старший водій;старшого водія;старшим водієм;старшому водію;
старший водій електровізка;;старшим водієм електровізка;старшому водію електровізка;
старший водій-гранатометник;старшого водія-гранатометника;старшим водієм-гранатометником;старшому водію-гранатометнику;
старший водій-електрик;старшого водія-електрика;старшим водієм-електриком;старшому водію-електрику;
старший водій-машиніст;старшого водія-машиніста;старшим водієм-машиністом;старшому водію-машиністу;
старший водій-радіотелефоніст;старшого водія-радіотелефоніста;старшим водієм-радіотелефоністом;старшому водію-радіотелефоністу;
старший вожатий службових собак;;старшим вожатим службових собак;старшому вожатому службових собак;
старший вулканізаторник;;старшим вулканізаторником;старшому вулканізаторнику;
старший візирник;;старшим візирником;старшому візирнику;
старший газівник;;старшим газівником;старшому газівнику;
старший гальванік;;старшим гальваніком;старшому гальваніку;
старший гравер;;старшим гравером;старшому граверу;
старший гранатометник;;старшим гранатометником;старшому гранатометнику;
старший гідроакустик;;старшим гідроакустиком;старшому гідроакустику;
старший гідрометеоспостерігач;;старшим гідрометеоспостерігачем;старшому гідрометеоспостерігачу;
старший гіроскопіст;;старшим гіроскопістом;старшому гіроскопісту;
старший далекомірник;;старшим далекомірником;старшому далекомірнику;
старший дегазатор;;старшим дегазатором;старшому дегазатору;
старший дезінфектор;;старшим дезінфектором;старшому дезінфектору;
старший дефектувальник;;старшим дефектувальником;старшому дефектувальнику;
старший дешифрувальник;старшого дешифрувальника;старшим дешифрувальником;старшому дешифрувальнику;
старший дешифрувальник розвідувальних матеріалів з безпілотних літальних апаратів;;старшим дешифрувальником розвідувальних матеріалів з безпілотних літальних апаратів;старшому дешифрувальнику розвідувальних матеріалів з безпілотних літальних апаратів;
старший дизеліст;;старшим дизелістом;старшому дизелісту;
старший диспетчер;;старшим диспетчером;старшому диспетчеру;
старший диспетчер поїзний;;старшим диспетчером поїзним;старшому диспетчеру поїзному;
старший днювальний;;старшим днювальним;старшому днювальному;
старший дозиметрист;;старшим дозиметристом;старшому дозиметристу;
старший дозувальник;;старшим дозувальником;старшому дозувальнику;
старший дресирувальник;;старшим дресирувальником;старшому дресирувальнику;
старший друкар;;старшим друкаром;старшому друкару;
старший експедитор;старшого експедитора;старшим експедитором;старшому експедитору;
старший електрик;;старшим електриком;старшому електрику;
старший електрик-дизеліст;;старшим електриком-дизелістом;старшому електрику-дизелісту;
старший електрозварник;;старшим електрозварником;старшому електрозварнику;
старший електромонтер;;старшим електромонтером;старшому електромонтеру;
старший звукометрист;;старшим звукометристом;старшому звукометристу;
старший кабельник;;старшим кабельником;старшому кабельнику;
старший кабельник-спаювальник;;старшим кабельником-спаювальником;старшому кабельнику-спаювальнику;
старший клепальник;;старшим клепальником;старшому клепальнику;
старший коваль;;старшим ковалем;старшому ковалю;
старший кок;;старшим коком;старшому коку;
старший комендор;;старшим комендором;старшому комендору;
старший контролер;;старшим контролером;старшому контролеру;
старший копрівник;;старшим копрівником;старшому копрівнику;
старший коректор;;старшим коректором;старшому коректору;
старший кочегар;;старшим кочегаром;старшому кочегару;
старший кравець;;старшим кравцем;старшому кравцю;
старший кранівник;;старшим кранівником;старшому кранівнику;
старший кресляр;;старшим кресляром;старшому кресляру;
старший кулеметник;старшого кулеметника;старшим кулеметником;старшому кулеметнику;
старший кухар;старшого кухаря;старшим кухарем;старшому кухарю;
старший ливарник;;старшим ливарником;старшому ливарнику;
старший лінотипіст;;старшим лінотипістом;старшому лінотипісту;
старший лінійний;старшого лінійного;старшим лінійним;старшому лінійному;
старший лінійний наглядач;;старшим лінійним наглядачем;старшому лінійному наглядачу;
старший майстер;старшого майстра;старшим майстром;старшому майстру;
старший майстер-гранатометник;старшого майстра-гранатометника;старшим майстром-гранатометником;старшому майстру-гранатометнику;
старший маляр;;старшим маляром;старшому маляру;
старший марсовий;;старшим марсовим;старшому марсовому;
старший маскувальник;;старшим маскувальником;старшому маскувальнику;
старший машиніст;старшого машиніста;старшим машиністом;старшому машиністу;
старший машиніст бульдозера;;старшим машиністом бульдозера;старшому машиністу бульдозера;
старший машиніст екскаватора;;старшим машиністом екскаватора;старшому машиністу екскаватора;
старший машиніст заправної машини;;старшим машиністом заправної машини;старшому машиністу заправної машини;
старший машиніст компресора;;старшим машиністом компресора;старшому машиністу компресора;
старший машиніст скрепера;;старшим машиністом скрепера;старшому машиністу скрепера;
старший метеоролог;;старшим метеорологом;старшому метеорологу;
старший метеоспостерігач;;старшим метеоспостерігачем;старшому метеоспостерігачу;
старший механік;старшого механіка;старшим механіком;старшому механіку;
старший механік-акумуляторник;старшого механіка-акумуляторника;;старшому механіку-акумуляторнику;
старший механік-водій;старшого механіка-водія;старшим механіком-водієм;старшому механіку-водію;
старший механік-гранатометник;старшого механіка-гранатометника;;старшому механіку-гранатометнику;
старший монтажник;;старшим монтажником;старшому монтажнику;
старший монтер колій;;старшим монтером колієм;старшому монтеру колій;
старший моторист;;старшим мотористом;старшому мотористу;
старший муляр;;старшим муляром;старшому муляру;
старший мінер;;старшим мінером;старшому мінеру;
старший мірошник;;старшим мірошником;старшому мірошнику;
старший навідник;старшого навідника;старшим навідником;старшому навіднику;
старший наладчик;;старшим наладчиком;старшому наладчику;
старший нарядник;;старшим нарядником;старшому наряднику;
старший номер обслуги;;старшим номером обслуги;старшому номеру обслуги;
старший нормувальник;;старшим нормувальником;старшому нормувальнику;
старший обчислювач;;старшим обчислювачем;старшому обчислювачу;
старший оглядач;;старшим оглядачем;старшому оглядачу;
старший оператор;старшого оператора;старшим оператором;старшому оператору;
старший оператор-електрик;старшого оператора-електрика;старшим оператором-електриком;старшому оператору-електрику;
старший оператор-планшетист;;старшим оператором-планшетистом;старшому оператору-планшетисту;
старший оператор-радіотелеграфіст;старшого оператора-радіотелеграфіста;;старшому оператору-радіотелеграфісту;
старший оператор-розвідник;старшого оператора-розвідника;;старшому оператору-розвіднику;
старший оптик;;старшим оптиком;старшому оптику;
старший паропровідник;;старшим паропровідником;старшому паропровіднику;
старший парусник;;старшим парусником;старшому паруснику;
старший пекар;;старшим пекаром;старшому пекарю;
старший пиляр;;старшим пиляром;старшому пиляру;
старший планшетист;;старшим планшетистом;старшому планшетисту;
старший повітряний радист;;старшим повітряним радистом;старшому повітряному радисту;
старший повітряний стрілець;;старшим повітряним стрілецем;старшому повітряному стрільцю;
старший повітряний стрілець-радист;;старшим повітряним стрілецем-радистом;старшому повітряному стрільцю-радисту;
старший пожежний;старшого пожежного;старшим пожежним;старшому пожежному;
старший пожежний-респіраторник;;старшим пожежним-респіраторником;старшому пожежному-респіраторнику;
старший помічник оперативного чергового;;старшим помічником оперативного чергового;старшому помічнику оперативного чергового;
старший понтонер;старшого понтонера;старшим понтонером;старшому понтонеру;
старший пошуковець;;старшим пошуковцем;старшому пошуковцю;
старший приладник;;старшим приладником;старшому приладнику;
старший прожекторист;;старшим прожектористом;старшому прожектористу;
старший радист;;старшим радистом;старшому радисту;
старший радист-кодувальник;;старшим радистом-кодувальником;старшому радисту-кодувальнику;
старший радіозондист;;старшим радіозондистом;старшому радіозондисту;
старший радіометрист;;старшим радіометристом;старшому радіометристу;
старший радіомінер;старшого радіомінера;старшим радіомінером;старшому радіомінеру;
старший радіомінер-гранатометник;старшого радіомінера-гранатометника;;старшому радіомінеру-гранатометнику;
старший радіотелеграфіст;;старшим радіотелеграфістом;старшому радіотелеграфісту;
старший радіотелефоніст;старшого радіотелефоніста;старшим радіотелефоністом;старшому радіотелефоністу;
старший радіотелефоніст-гранатометник;;старшим радіотелефоністом-гранатометником;старшому радіотелефоністу-гранатометнику;
старший регулювальник;;старшим регулювальником;старшому регулювальнику;
старший розвідник;старшого розвідника;старшим розвідником;старшому розвіднику;
старший розвідник-водолаз;;старшим розвідником-водолазом;старшому розвіднику-водолазу;
старший розвідник-гранатометник;;старшим розвідником-гранатометником;старшому розвіднику-гранатометнику;
старший розвідник-радіотелефоніст;старшим розвідником-радіотелефоністом;;старшому розвіднику-радіотелефоністу;
старший розвідник-снайпер;старшого розвідника-снайпера;старшим розвідником-снайпером;старшому розвіднику-снайперу;
старший розвідник-інструктор;;старшим розвідником-інструктором;старшому розвіднику-інструктору;
старший рульовий;;старшим рульовим;старшому рульовому;
старший рульовий-сигнальник;;старшим рульовим-сигнальником;старшому рульовому-сигнальнику;
старший рятувальник;;старшим рятувальником;старшому рятувальнику;
старший санітар;;старшим санітаром;старшому санітару;
старший санітарний інструктор;;старшим санітарним інструктором;старшому санітарному інструктору;
старший сапер;старшого сапера;старшим сапером;старшому саперу;
старший сапер розмінування;;старшим сапером розмінування;старшому саперу розмінування;
старший сапер-гранатометник;старшого сапера-гранатометника;старшим сапером-гранатометником;старшому саперу-гранатометнику;
старший сапер-оператор;старшого сапера-оператора;;старшому саперу-оператору;
старший сапер-помічник;старшого сапера-помічника;;старшому саперу-помічнику;
старший сигнальник;;старшим сигнальником;старшому сигнальнику;
старший складальник;;старшим складальником;старшому складальнику;
старший скляр;;старшим скляром;старшому скляру;
старший слюсар;;старшим слюсаром;старшому слюсарю;
старший сортувальник;;старшим сортувальником;старшому сортувальнику;
старший спеціаліст;;старшим спеціалістом;старшому спеціалісту;
старший спортсмен;;старшим спортсменом;старшому спортсмену;
старший спостерігач;старшого спостерігача;старшим спостерігачем;старшому спостерігачу;
старший стартер-фінішер;;старшим стартером-фінішером;старшому стартеру-фінішеру;
старший стереотипер;;старшим стереотипером;старшому стереотиперу;
старший столяр;;старшим столяром;старшому столяру;
старший стрілець;старшого стрільця;старшим стрільцем;старшому стрільцю;
старший стрілець-вогнеметник;старшого стрільця-вогнеметника;старшим стрільцем-вогнеметником;старшому стрільцю-вогнеметнику;
старший стрілець-зенітник;;старшим стрільцем-зенітником;старшому стрільцю-зенітнику;
старший стрілець-оператор;старшого стрільця-оператора;старшим стрільцем-оператором;старшому стрільцю-оператору;
старший стрілець-регулювальник;старшого стрільця-регулювальника;старшим стрільцем-регулювальником;старшому стрільцю-регулювальнику;
старший такелажник;старшого такелажника;старшим такелажником;старшому такелажнику;
старший телеграфіст;;старшим телеграфістом;старшому телеграфісту;
старший телефоніст;старшого телефоніста;старшим телефоністом;старшому телефоністу;
старший телефоніст-лінійний;старшого телефоніста-лінійного;;старшому телефоністу-лінійному;
старший теодолітник;;старшим теодолітником;старшому теодолітнику;
старший тесляр;;старшим тесляром;старшому тесляру;
старший технік;старшого техніка;старшим техніком;старшому техніку;
старший токар;;старшим токаром;старшому токарю;
старший топогеодезист;;старшим топогеодезистом;старшому топогеодезисту;
старший торпедист;;старшим торпедистом;старшому торпедисту;
старший тракторист;;старшим трактористом;старшому трактористу;
старший трубопровідник;;старшим трубопровідником;старшому трубопровіднику;
старший укладач парашутів;;старшим укладачем парашутів;старшому укладачу парашутів;
старший фельд'єгер;;старшим фельд'єгером;старшому фельд'єгерю;
старший фотограмметрист;;старшим фотограмметристом;старшому фотограмметристу;
старший фотограф;;старшим фотографом;старшому фотографу;
старший фоторадіотелеграфіст;;старшим фоторадіотелеграфістом;старшому фоторадіотелеграфісту;
старший фототелеграфіст;;старшим фототелеграфістом;старшому фототелеграфісту;
старший фотоцинкограф;;старшим фотоцинкографом;старшому фотоцинкографу;
старший фрезерувальник;;старшим фрезерувальником;старшому фрезерувальнику;
старший фільмотекар;;старшим фільмотекаром;старшому фільмотекару;
старший хімік;старшого хіміка;старшим хіміком;старшому хіміку;
старший хімік-оператор;;старшим хіміком-оператором;старшому хіміку-оператору;
старший черговий зв'язку;;старшим черговим зв'язку;старшому черговому зв'язку;
старший швець;;старшим швецем;старшому шевцю;
старший інструктор;старшого інструктора;старшим інструктором;старшому інструктору;
старший інструментальник;;старшим інструментальником;старшому інструментальнику;
старшина команди;;старшиною команди;старшині команди;
статистик;статистика;статистиком;статистику;
стереотипер;;стереотипером;стереотиперу;
столяр;;столяром;столяру;
столяр-оббивальник;столяра-оббивальника;;столяру-оббивальнику;
страрший радіотелефоніст-гранатометник;;старшим радіотелефоністом-гранатометником;страршому радіотелефоністу-гранатометнику;
стругальник;;стругальником;стругальнику;
стрілець;стрільця;стрільцем;стрільцю;
стрілець-водій;стрільця-водія;;стрільцю-водію;
стрілець-гранатометник;стрільця-гранатометника;;стрільцю-гранатометнику;
стрілець-зенітник;стрільця-зенітника;стрільцем-зенітником;стрільцю-зенітнику;
стрілець-номер;стрільця-номера;стрільцем-номером;стрільцю-номеру;
стрілець-оператор;стрільця-оператора;стрільцем-оператором;стрільцю-оператору;
стрілець-помічник;стрільця-помічника;стрільцем-помічником;стрільцю-помічнику;
стрілець-радіотелефоніст;стрільця-радіотелефоніста;;стрільцю-радіотелефоністу;
стрілець-регулювальник;стрільця-регулювальника;стрільцем-регулювальником;стрільцю-регулювальнику;
стрілець-рятівник;;стрільцем-рятівником;стрільцю-рятівнику;
стрілець-санітар;стрільця-санітара;стрільцем-санітаром;стрільцю-санітару;
стрілець-снайпер;стрільця-снайпера;стрільцем-снайпером;стрільцю-снайперу;
табельник;;табельником;табельнику;
такелажник;такелажника;такелажником;такелажнику;
телеграфіст;;телеграфістом;телеграфісту;
телефоніст;телефоніста;телефоністом;телефоністу;
телефоніст-лінійний наглядач;телефоніста-лінійного наглядача;телефоністом-лінійним наглядачем;телефоністу-лінійному наглядачу;
теодолітник;;теодолітником;теодолітнику;
терміст;;термістом;термісту;
тесляр;тесляра;тесляром;тесляру;
технік;техніка;техніком;техніку;
токар;токаря;токарем;токарю;
топогеодезист;;топогеодезистом;топогеодезисту;
торпедист;;торпедистом;торпедисту;
тракторист;тракториста;трактористом;трактористу;
тракторист-машиніст;тракториста-машиніста;;трактористу-машиністу;
тренер;;тренером;тренеру;
тренер-адміністратор;;тренером-адміністратором;тренеру-адміністратору;
тренер-масажист;;тренером-масажистом;тренеру-масажисту;
трубопровідник;;трубопровідником;трубопровіднику;
укладач парашутів;;укладачем парашутів;укладачу парашутів;
фельд'єгер;;фельд'єгером;фельд'єгерю;
фельдшер;фельдшера;фельдшером;фельдшеру;
фельдшер-рятувальник;фельдшера-рятувальника;фельдшером-рятувальником;фельдшеру-рятувальнику;
формувальник;;формувальником;формувальнику;
форсунник;;форсунником;форсуннику;
фотограмметрист;;фотограмметристом;фотограмметристу;
фотограф;фотографа;фотографом;фотографу;
фотокореспондент;;фотокореспондентом;фотокореспонденту;
фоторадіотелеграфіст;;фоторадіотелеграфістом;фоторадіотелеграфісту;
фототелеграфіст;;фототелеграфістом;фототелеграфісту;
фотоцинкограф;;фотоцинкографом;фотоцинкографу;
фрезерувальник;;фрезерувальником;фрезерувальнику;
фільмотекар;;фільмотекаром;фільмотекару;
художник;;художником;художнику;
хімік;хіміка;хіміком;хіміку;
черговий;чергового;черговим;черговому;
черговий по зв'язку та радіотехнічному забезпеченню польотів;;черговим по зв'язку та радіотехнічному забезпеченню польотів;черговому по зв'язку та радіотехнічному забезпеченню польотів;
черговий помічник військового коменданта;;черговим помічником військового коменданта;черговому помічнику військового коменданта;
черговий стрілочного поста;;черговим стрілочного поста;черговому стрілочного поста;
швець;шевця;швецем;шевцю;
шляховий робітник;шляхового робітника;шляховим робітником;шляховому робітнику;
шліфувальник;;шліфувальником;шліфувальнику;
штаб-сержант;штаб-сержанта;;штаб-сержанту;
штаб-сержант 2 категорії;;штабом-сержантом 2 категорії;штаб-сержанту 2 категорії;
штаб-сержант 3 категорії;;штабом-сержантом 3 категорії;штаб-сержанту 3 категорії;
штампувальник;;штампувальником;штампувальнику;
штукатур;штукатура;штукатуром;штукатуру;
інженер;;інженером;інженеру;
інспектор;інспектора;;інспектору;
інструктор;інструктора;інструктором;інструктору;
інструментальник;інструментальника;інструментальником;інструментальнику;
інструментальник-комірник;інструментальника-комірника;;інструментальнику-комірнику;
